962,1075,2454,2550,1649,2020,1223,2321,1497,1892,1988,1103,1083,239,826,0,0,622,666,2037,2358,1594,1866,1052,2523,1549,1988,2230,1328,1884,236,978,0,0,635,818,2152,2449,1553,2046,1446,2727,1564,2046,2628,1794,2075,337,1104,0,0,608,637,2232,2386,1673,1884,1619,2857,1584,2082,2532,1803,1982,253,936,0,0,475,615,2104,2228,1639,2044,1672,2947,1729,2380,3520,4379,2179,2134,3899,505,0,694,832,2727,2914,1818,2079,1257,2629,1898,2086,2706,1513,2037,319,1261,0,0,394,436,2012,2359,1800,2440,1526,2942,2269,3251,3314,2402,1345,235,1128,0,0,635,775,2215,2627,1920,2121,1144,2671,1760,2162,1979,1224,1407,276,959,0,0,685,615,2006,2628,1765,1946,1085,2513,1640,2199,1871,1532,1919,288,950,0,0,831,806,2398,2839,1955,2009,1489,2862,1689,1964,1992,1321,1694,296,906,0,0,727,673,1777,3112,1858,1804,1425,3336,1699,2052,2213,1646,2360,293,887,0,0,679,757,1732,2984,2327,2012,915,4351,1713,2263,3499,3987,2752,3142,3271,0,0,1023,1116,2101,3697,2306,2389,1376,3082,1593,2090,1887,1307,1683,262,996,0,0,487,427,1534,2883,1961,2035,1582,3308,2148,3078,3056,2555,2449,328,1183,0,0,881,970,1832,3172,2122,2098,1096,2985,1653,2033,1556,1248,1594,225,695,0,0,808,761,1840,2909,2125,1836,1006,2858,1677,2035,1769,1263,1824,234,772,0,0,801,860,1944,3104,2078,1987,1121,3089,1688,1964,2054,1655,1975,244,803,0,0,833,775,1904,3119,2191,2099,1261,3078,1716,2081,2310,1851,2323,269,883,0,0,778,769,1834,3344,3141,2161,2186,4666,1733,2317,3535,3983,2756,2145,3282,1186,0,1401,1609,2489,4338,3042,2627,1084,2974,1645,1895,2454,2028,2670,434,1452,0,0,529,544,1657,2761,2639,2162,1616,3672,1734,3353,3388,3762,2682,392,1246,0,0,903,974,1855,3010,2177,1946,997,2971,1641,1853,1635,1358,1641,239,752,0,0,899,747,1825,2996,2157,2104,1023,3136,1668,1943,2102,1549,1941,253,825,0,0,838,889,2237,3292,2231,2179,1219,3110,1675,1954,1816,1486,2085,240,868,0,0,674,727,1996,2964,2165,1969,1090,2966,1719,2238,2005,1796,2213,283,972,0,0,754,745,1913,3178,2684,1971,2099,4254,2334,2273,3492,3983,2754,3155,2119,0,0,1019,1299,2958,3561,2480,1976,808,2460,1182,1901,1077,1166,1841,350,1273,0,0,439,522,1685,2456,2135,1870,1182,3253,1720,2779,2565,2024,1863,364,1344,0,0,734,977,2098,2868,2053,1757,906,2679,1586,1559,1423,1110,1773,230,781,0,0,721,725,2053,2741,1955,1813,864,2748,1595,1862,1521,1233,1995,252,857,0,0,696,821,2041,2969,2090,1980,1184,3021,1645,1892,1873,1258,1940,244,828,0,0,761,805,2135,3019,2114,2076,1164,3051,1717,1933,1869,1461,2084,273,890,0,0,730,847,2050,3013,2178,2088,2015,4378,1707,2379,3527,4440,2760,2709,3242,813,0,1218,1399,2611,3653,2157,1930,764,2694,1433,1371,995,1063,1953,455,1011,0,0,503,577,1333,2921,1969,2028,1397,3266,1740,2772,2537,2040,1967,245,1173,0,0,1135,1157,1506,3146,2113,1990,1022,2889,1690,1668,1192,1877,1699,275,818,0,0,866,974,2288,3289,2161,2248,1246,3101,1695,2090,1663,1410,1753,250,953,0,0,1256,1169,2489,3550,2326,2056,1628,3368,1680,2081,1856,1376,1979,260,864,0,0,1023,971,2372,3266,2282,2128,1424,3267,1735,2090,2113,1865,2395,269,1120,0,0,1149,1274,2304,3649,3372,2333,2248,4724,1739,2317,4706,4452,2750,2139,3860,1169,0,2048,2279,3108,4514,3222,2160,1013,2984,1581,1468,2081,1525,2671,691,2021,0,0,742,885,2095,3488,2828,2148,1566,4070,1743,2975,4657,3945,2747,649,2242,0,0,1135,1408,2321,3372,2291,2437,1392,3304,1680,2007,1828,1423,1771,223,953,0,0,981,1032,2190,3275,2237,2234,1165,3329,1721,2314,2014,1560,1955,260,961,0,0,1013,1149,2353,3543,2371,2163,1853,3737,1715,2054,1952,1543,1964,275,933,0,0,1115,1170,2328,3553,2383,2171,1781,3764,1691,2061,2130,2002,2387,277,1080,0,0,1473,1333,2380,3658,3462,2491,2255,4729,1737,2315,4532,4448,2757,2135,3857,1152,0,2244,2539,3083,4529,3520,2411,1262,3381,1677,1914,2481,1585,2609,547,1784,0,0,771,951,2141,3322,2831,2490,1966,4473,1734,2984,4516,3990,2743,887,3121,0,0,1359,1666,2757,3336,2241,2463,1860,3792,2062,2327,1960,1491,1770,230,991,0,0,1141,1200,2433,3440,2267,2427,1520,3658,1740,2468,2108,1764,2275,278,1107,0,0,1288,1382,2479,3723,2290,2204,1832,3652,1711,2142,2135,1979,2441,291,1157,0,0,1131,1142,2348,3572,2319,2220,1795,3795,1720,2077,2689,2243,2621,342,1323,0,0,1376,1428,2752,3807,3654,2575,2274,4729,1755,1723,4811,4453,2761,2136,4296,1181,0,3155,3419,3706,4518,3528,3362,2254,4662,2309,2184,3726,2270,2737,977,3458,0,0,777,962,2123,3079,2401,2215,1684,4446,1733,3016,4809,4016,2729,2070,3137,0,0
1962,643,204,652,271,190,286,0,198,0,76,0,87,71,22,24,0,1466,855,262,163,210,163,216,0,135,0,65,0,97,72,27,14,0,1402,806,191,201,189,111,186,0,215,0,55,0,74,61,16,10,0,1414,740,160,219,232,153,205,0,162,0,57,0,80,75,14,13,0,1591,783,192,222,225,147,233,0,239,0,123,0,265,170,99,34,0,972,851,348,394,274,145,301,0,247,0,50,0,132,85,21,17,0,615,517,246,275,249,190,344,0,451,0,77,0,419,129,35,30,0,1965,702,286,250,248,183,226,0,177,0,78,0,83,99,18,14,0,1461,810,222,207,219,156,234,0,178,0,56,0,87,82,31,18,0,1655,826,277,235,253,161,238,0,222,0,79,0,97,84,29,12,0,1551,782,203,399,164,156,203,136,197,0,81,0,270,83,21,15,0,1438,625,201,367,207,185,219,208,264,0,89,0,273,229,97,31,0,940,652,300,546,296,153,218,120,244,0,48,0,140,72,22,20,0,761,704,314,513,197,169,309,107,448,0,110,0,437,151,49,31,0,2070,502,330,466,209,165,214,85,173,0,72,0,159,61,27,24,0,1607,752,205,372,142,168,221,108,217,0,71,225,178,76,25,15,0,1513,689,187,357,155,183,217,98,202,0,66,251,228,81,21,25,0,1532,765,161,380,142,159,204,118,223,0,69,303,202,96,28,27,0,1573,712,194,378,238,181,219,217,234,0,121,447,297,451,137,48,0,1117,1004,384,658,271,166,216,97,253,0,99,682,224,120,34,24,0,666,790,431,480,274,206,406,101,430,0,105,1070,310,184,45,40,0,2004,482,99,524,129,186,193,128,224,0,90,206,156,108,26,21,0,1628,689,109,402,133,172,208,95,203,0,77,275,213,93,21,22,0,1509,774,134,436,176,200,237,129,175,0,75,311,216,75,19,29,0,1625,823,177,390,170,135,203,137,162,0,81,259,215,80,34,34,0,1493,783,172,438,186,152,282,180,270,0,167,458,251,429,66,44,0,1677,877,574,585,245,130,169,83,205,0,64,330,168,94,42,25,0,885,923,278,406,221,375,431,109,537,0,112,1076,363,214,39,31,0,1864,667,110,574,167,192,161,92,211,0,97,200,118,71,23,32,0,1566,771,176,365,128,180,203,104,156,0,66,269,172,59,27,38,0,1572,828,188,306,167,173,243,111,201,0,56,295,177,85,24,18,0,1627,800,166,176,139,158,185,109,208,0,96,308,235,82,29,21,0,1447,777,123,324,159,170,272,177,236,0,128,443,238,313,82,56,0,1229,1041,360,457,200,181,199,97,219,0,80,431,274,137,36,24,0,859,681,280,413,196,168,297,104,521,0,117,1136,309,260,47,42,0,1859,675,141,605,242,187,220,131,210,0,79,240,167,69,25,33,0,1668,898,132,448,168,180,220,117,182,0,93,298,180,73,39,19,0,1667,733,162,455,154,159,194,120,196,0,82,316,202,77,31,26,0,1689,852,160,444,143,182,211,165,173,0,88,320,253,86,30,36,0,1509,733,199,370,191,171,280,187,271,0,147,572,247,194,120,72,0,2025,1230,381,902,324,192,237,83,242,0,60,328,221,116,41,28,0,1284,1187,353,537,186,213,444,129,517,0,114,1137,249,210,78,39,0,1834,568,242,707,182,232,264,111,177,0,74,225,134,33,38,25,0,1719,965,179,382,158,200,186,121,179,0,94,287,192,61,24,20,0,1645,831,172,334,149,152,172,114,177,0,68,314,193,66,19,33,0,1758,821,173,375,159,155,209,134,235,0,72,327,220,94,26,20,0,1499,811,177,424,164,184,297,190,224,0,141,568,261,143,105,43,0,1625,1162,358,613,242,155,220,121,259,0,54,347,223,121,47,37,0,1250,1126,352,499,204,185,497,134,301,0,103,1127,228,268,141,49,0,1809,895,297,684,190,164,200,174,221,0,96,248,95,97,30,29,0,1789,951,202,416,172,176,218,115,184,0,78,307,207,75,23,40,0,1730,913,206,355,179,158,200,170,244,0,104,331,242,120,37,40,0,1786,933,185,441,156,138,215,152,220,0,93,362,266,116,28,28,0,1638,757,234,420,278,189,294,221,315,0,169,543,237,134,181,32,0,2480,1188,474,878,426,229,244,250,268,0,96,365,191,145,67,38,0,1555,1142,379,519,281,233,582,113,352,0,120,1134,236,345,138,46,0
1867,996,1292,1068,0,0,0,0,0,0,0,0,0,0,0,0,0,1609,605,652,469,0,0,0,0,0,0,0,0,0,0,0,0,0,1582,683,547,581,0,0,0,0,0,0,0,0,0,0,0,0,0,1166,578,468,552,0,0,0,0,0,0,0,0,0,0,0,0,0,716,570,402,692,0,0,0,0,0,0,0,0,0,0,0,0,0,630,622,894,1120,0,0,0,0,0,0,0,0,0,0,0,0,0,67,511,376,749,0,0,0,0,0,0,0,0,0,0,0,0,0,1731,705,555,742,0,0,0,0,0,0,0,0,0,0,0,0,0,962,581,358,637,0,0,0,0,0,0,0,0,0,0,0,0,0,1156,632,410,695,0,0,0,0,0,0,0,0,0,0,0,0,0,997,872,178,725,0,0,0,0,0,0,0,0,0,0,0,0,0,431,737,372,824,0,0,0,0,0,0,0,0,0,0,0,0,56,118,925,516,911,0,0,0,0,0,0,0,0,0,0,0,0,0,75,670,413,887,0,0,0,0,0,0,0,0,0,0,0,0,0,1703,989,854,815,0,0,0,0,0,0,0,0,0,0,0,0,0,1005,745,124,672,0,0,0,0,0,0,0,0,0,0,0,0,0,1011,756,143,688,0,0,0,0,0,0,0,0,0,0,0,0,0,1041,672,141,689,0,0,0,0,0,0,0,0,0,0,0,0,0,472,769,313,715,0,0,0,0,0,0,0,0,0,0,0,0,0,218,776,334,671,0,0,0,0,0,0,0,0,0,0,0,0,0,71,569,156,661,0,0,0,0,0,0,0,0,0,0,0,0,0,1772,879,513,806,0,0,0,0,0,0,0,0,0,0,0,0,0,880,700,111,770,0,0,0,0,0,0,0,0,0,0,0,0,0,944,821,130,740,0,0,0,0,0,0,0,0,0,0,0,0,0,811,710,107,523,0,0,0,0,0,0,0,0,0,0,0,0,0,348,736,86,561,0,0,0,0,0,0,0,0,0,0,0,0,79,160,897,231,638,0,0,0,0,0,0,0,0,0,0,0,0,0,63,526,138,602,0,0,0,0,0,0,0,0,0,0,0,0,220,1750,951,444,687,0,0,0,0,0,0,0,0,0,0,0,0,0,885,748,93,612,0,0,0,0,0,0,0,0,0,0,0,0,0,799,764,87,634,0,0,0,0,0,0,0,0,0,0,0,0,0,1053,792,114,594,0,0,0,0,0,0,0,0,0,0,0,0,0,317,871,73,637,0,0,0,0,0,0,0,0,0,0,0,0,118,149,997,208,670,0,0,0,0,0,0,0,0,0,0,0,0,0,79,575,167,598,0,0,0,0,0,0,0,0,0,0,0,0,0,1803,1056,395,742,0,0,0,0,0,0,0,0,0,0,0,0,0,976,946,133,651,0,0,0,0,0,0,0,0,0,0,0,0,0,781,1018,139,699,0,0,0,0,0,0,0,0,0,0,0,0,0,922,932,104,694,0,0,0,0,0,0,0,0,0,0,0,0,0,416,1023,67,947,0,0,0,0,0,0,0,0,0,0,0,0,0,512,1121,765,1150,0,0,0,0,0,0,0,0,0,0,0,0,0,87,860,132,771,0,0,0,0,0,0,0,0,0,0,0,0,0,1890,1157,1022,964,0,0,0,0,0,0,0,0,0,0,0,0,0,1181,958,168,727,0,0,0,0,0,0,0,0,0,0,0,0,0,978,1080,132,650,0,0,0,0,0,0,0,0,0,0,0,0,0,1076,1006,110,601,0,0,0,0,0,0,0,0,0,0,0,0,0,534,1151,143,1131,0,0,0,0,0,0,0,0,0,0,0,0,0,513,1178,549,1385,0,0,0,0,0,0,0,0,0,0,0,0,0,141,853,189,1058,0,0,0,0,0,0,0,0,0,0,0,0,0,1788,1139,896,921,0,0,0,0,0,0,0,0,0,0,0,0,0,1358,1092,159,740,0,0,0,0,0,0,0,0,0,0,0,0,0,1449,1020,168,709,0,0,0,0,0,0,0,0,0,0,0,0,0,1324,1016,180,891,0,0,0,0,0,0,0,0,0,0,0,0,0,728,1113,138,1366,0,0,0,0,0,0,0,0,0,0,0,0,0,961,1188,1084,1623,0,0,0,0,0,0,0,0,0,0,0,0,0,149,876,203,1024,0,0,0,0,0,0,0,0,0,0,0,0,342
897,438,461,468,372,584,0,191,49,0,25,490,40,86,26,19,0,549,578,484,373,408,549,0,106,34,0,34,403,52,76,31,24,0,542,627,440,441,343,668,0,148,58,0,35,423,47,70,31,19,0,402,534,340,425,347,623,0,161,67,0,19,429,38,57,33,45,0,360,501,335,434,400,678,0,229,99,0,54,886,158,65,60,24,0,372,576,681,465,490,610,0,215,63,0,55,515,86,116,45,40,0,181,197,231,509,558,474,0,193,217,0,227,1176,347,447,134,47,0,861,407,642,440,481,418,0,150,52,0,24,379,54,82,26,27,0,345,388,295,389,314,512,0,129,45,0,47,369,44,69,33,27,0,412,385,342,395,460,521,0,177,71,0,34,404,42,76,30,31,0,431,246,375,521,448,685,0,177,63,0,67,432,52,53,35,27,0,246,176,332,550,659,725,0,207,69,0,134,1033,201,168,62,34,0,249,188,573,571,564,645,0,212,76,0,95,473,151,82,40,8,0,185,218,458,545,590,531,0,255,522,0,473,1457,514,529,601,720,0,888,344,618,501,433,474,0,182,49,0,60,326,47,32,44,40,0,404,227,343,440,327,523,0,157,47,0,47,391,65,55,31,31,0,406,232,446,445,474,551,0,151,58,0,69,373,45,40,36,24,0,458,210,430,457,497,535,0,161,57,0,73,463,86,55,36,29,0,347,236,404,528,657,640,0,257,64,0,169,862,227,170,62,53,0,305,194,552,413,448,497,0,184,60,0,390,1299,393,357,117,83,0,275,165,453,398,635,810,0,308,599,0,483,1648,406,532,461,593,0,945,332,499,457,546,525,0,198,59,0,64,389,50,84,47,12,0,397,257,388,442,468,557,0,151,43,0,66,412,67,53,43,31,0,336,379,345,504,594,574,0,167,54,0,68,373,52,83,33,29,0,344,372,336,467,366,520,0,189,44,0,71,446,90,76,41,28,0,241,339,303,476,659,547,0,307,51,0,170,898,279,257,82,40,0,340,283,707,407,427,431,0,165,65,0,104,388,90,122,77,41,0,191,280,412,389,495,556,0,352,591,0,624,1718,438,702,662,392,0,1080,456,510,453,489,538,0,148,43,0,47,284,76,73,37,42,0,368,372,318,401,449,283,0,185,55,0,63,325,60,85,35,24,0,295,340,355,484,528,519,0,182,60,0,57,331,61,82,48,26,0,368,445,342,477,472,465,0,146,66,0,71,439,85,95,42,36,0,245,321,262,533,672,514,0,304,67,0,188,1220,334,309,60,74,0,263,337,556,370,453,519,0,214,61,0,83,465,87,107,82,47,0,143,236,407,357,549,461,0,277,585,0,490,1677,316,682,428,140,0,1020,461,529,510,658,561,0,139,52,0,47,384,40,57,33,33,0,427,387,431,554,586,472,0,132,43,0,76,390,71,74,34,37,0,331,416,330,533,652,708,0,184,56,0,70,484,66,106,32,38,0,325,414,355,505,627,614,0,196,72,0,79,606,100,99,34,35,0,268,366,316,659,887,699,0,293,126,62,198,1785,267,231,79,66,0,673,195,752,559,588,624,0,214,86,52,84,585,92,262,85,53,0,311,321,490,470,579,543,0,381,482,230,336,1770,377,720,480,398,0,1136,462,622,648,813,641,0,168,61,0,53,546,59,77,41,41,0,456,392,428,587,539,520,0,171,60,0,91,370,75,87,21,22,0,351,380,354,641,608,538,0,178,68,0,58,492,73,66,48,41,0,400,413,409,584,595,594,0,202,49,0,71,669,110,94,42,34,0,292,341,395,743,998,637,0,247,87,56,193,1759,358,245,104,61,0,548,319,708,605,785,769,0,192,65,43,110,959,143,220,94,64,0,317,368,550,715,838,667,0,267,327,278,240,1727,507,803,520,320,0,1181,632,605,529,915,602,0,161,46,0,64,467,63,93,50,36,0,561,383,478,424,768,508,0,198,53,0,76,463,39,109,33,36,0,564,435,454,466,669,555,0,189,72,0,69,594,93,114,38,54,0,563,409,431,393,553,551,0,232,66,0,84,707,162,126,31,46,0,426,354,445,559,1170,603,0,327,112,74,227,1083,273,222,94,241,0,798,461,824,383,734,635,0,220,66,58,104,1149,149,266,90,66,0,360,389,638,381,626,686,0,393,653,323,282,1364,513,944,437,312,0
1200,641,551,283,0,0,401,0,346,146,55,53,174,50,0,12,0,668,467,480,359,0,0,283,0,345,99,26,38,98,39,0,15,0,570,400,392,265,0,0,202,0,336,126,25,39,112,28,0,5,0,514,361,383,256,0,0,184,0,285,103,24,31,106,24,0,2,0,546,389,396,277,0,0,232,0,310,78,18,108,219,55,0,5,0,786,663,631,294,0,0,249,0,314,107,23,36,44,46,0,5,0,529,470,413,326,0,0,270,0,414,94,40,105,180,127,0,20,0,778,454,413,213,0,0,152,0,278,94,17,61,93,41,0,15,0,571,414,268,151,0,0,153,0,259,97,18,51,127,53,0,11,0,615,427,317,161,0,0,184,0,290,85,29,42,122,32,0,8,0,488,519,370,162,0,0,169,0,294,93,33,77,148,57,0,11,0,418,450,500,146,0,0,196,0,425,74,29,68,229,71,0,3,0,490,768,857,266,0,0,239,0,396,96,16,34,137,53,0,30,0,430,577,620,199,0,0,295,0,418,106,38,178,260,240,0,6,0,514,663,696,151,0,0,160,0,270,64,21,52,152,53,0,10,0,471,462,429,122,0,0,114,0,225,77,26,43,145,69,0,11,0,490,526,409,108,0,0,131,0,339,96,17,69,156,64,0,7,0,538,499,395,139,0,0,168,0,287,81,28,51,151,78,0,4,0,446,563,550,122,0,0,232,0,291,81,21,255,309,82,0,12,0,632,705,808,130,0,0,237,0,448,56,26,129,292,85,0,18,0,516,542,678,164,0,0,419,0,462,59,36,161,387,264,0,19,0,506,542,414,95,0,0,194,0,290,65,19,54,164,71,0,12,0,491,421,437,127,0,0,210,0,244,92,14,73,157,77,0,9,0,646,499,415,188,0,0,183,0,253,74,21,59,138,84,0,9,0,621,389,416,151,0,0,152,0,221,84,21,54,170,70,0,7,0,512,369,396,191,0,0,178,0,318,169,22,141,313,100,0,3,0,726,500,517,133,0,0,123,0,234,49,10,65,163,60,0,4,0,490,375,392,166,0,0,266,0,576,82,35,115,406,278,0,11,0,848,488,430,144,0,0,147,0,232,76,30,55,119,77,0,14,0,618,405,358,132,0,0,154,0,233,76,22,51,170,79,0,5,0,619,420,323,151,0,0,142,0,206,84,27,47,178,64,0,4,0,604,303,419,179,0,0,156,0,260,103,18,56,126,66,0,14,0,602,446,438,194,0,0,175,0,340,110,48,150,356,71,0,7,0,715,541,482,169,0,0,117,0,315,45,17,106,313,64,0,5,0,505,419,391,225,0,0,221,0,570,65,34,106,401,238,0,22,0,818,532,354,184,0,0,129,0,232,64,14,67,175,61,0,7,0,638,463,352,182,0,0,169,0,229,73,21,60,179,57,0,7,0,632,495,392,182,0,0,142,0,206,112,14,55,171,62,0,18,0,643,446,356,180,0,0,154,0,236,85,28,51,183,63,0,17,0,568,483,395,176,0,0,171,0,404,110,59,272,397,94,0,7,0,1351,752,802,174,0,0,163,0,266,60,14,115,209,72,0,14,0,623,578,383,295,0,0,326,0,440,63,40,182,405,195,0,99,0,940,513,679,214,0,0,163,0,332,124,13,84,205,91,0,7,0,695,477,328,163,0,0,160,0,264,91,26,64,190,77,0,13,0,625,425,415,175,0,0,166,0,269,105,30,56,158,67,0,7,0,624,403,415,152,0,0,153,0,286,127,16,63,181,74,0,11,0,642,483,425,189,0,0,147,0,399,68,47,181,307,125,0,13,0,1068,690,656,176,0,0,159,0,273,62,14,94,213,61,0,7,0,675,611,452,208,0,0,415,0,210,63,24,140,442,206,0,48,0,1081,555,530,255,0,0,142,0,313,152,31,65,135,78,0,15,0,765,535,454,176,0,0,164,0,260,97,36,47,138,58,0,5,0,649,551,476,159,0,0,142,0,339,94,21,42,173,83,0,10,0,670,504,438,182,0,0,161,0,286,112,35,74,151,60,0,9,0,791,472,498,170,0,0,209,0,389,92,64,264,347,158,0,30,0,1437,733,748,231,0,0,128,0,312,134,12,171,236,84,0,20,0,727,561,411,208,0,0,459,0,396,76,46,188,511,311,0,41,0
329,292,415,508,353,302,0,489,414,139,99,143,26,71,26,61,0,212,222,312,292,195,248,0,301,443,18,63,134,23,57,42,84,0,185,173,304,287,176,229,0,245,415,25,75,145,12,41,32,58,0,173,183,342,305,145,177,0,312,395,25,57,140,14,49,37,53,0,156,166,367,298,143,295,0,314,437,25,95,187,51,112,51,58,0,188,260,588,536,226,373,0,407,637,32,45,138,38,52,43,61,0,129,131,464,482,161,274,0,515,470,78,101,173,34,56,56,99,0,239,252,247,218,141,245,0,219,307,17,44,96,25,40,34,55,0,194,186,229,172,120,275,0,210,348,17,55,101,35,41,37,69,0,170,174,334,210,134,238,0,197,371,28,42,120,14,54,30,76,0,180,222,280,247,140,240,0,238,427,27,75,109,15,57,34,62,0,160,134,393,266,261,371,0,407,453,41,109,196,41,127,48,78,0,170,247,627,486,442,433,0,495,417,32,78,142,37,94,39,83,0,120,67,393,348,318,340,0,416,539,90,160,211,51,122,167,118,0,223,263,289,298,236,406,0,179,323,6,64,85,19,60,28,75,0,185,200,251,71,152,205,0,189,350,22,86,64,29,57,16,121,0,184,176,309,190,139,243,0,236,388,20,69,108,25,57,37,56,0,192,169,242,162,80,284,0,201,391,24,100,108,19,47,38,78,0,194,229,334,197,302,494,0,243,541,127,245,196,71,137,32,126,0,230,362,355,246,254,445,0,284,531,101,171,126,50,132,56,102,0,154,205,202,233,196,503,0,305,517,96,275,193,42,116,243,118,0,241,259,307,147,111,269,0,251,437,26,96,98,24,46,19,50,0,194,201,271,175,119,281,0,212,387,17,68,94,29,72,49,64,0,200,170,253,186,143,206,0,209,408,18,95,99,34,74,49,61,0,177,130,248,140,145,241,0,214,418,12,80,125,28,72,16,69,0,179,117,243,215,122,265,0,280,470,22,149,208,67,135,42,104,0,179,190,276,173,114,237,0,218,290,23,66,120,59,84,40,76,0,141,97,244,184,135,314,0,283,446,109,186,204,103,128,164,104,0,241,222,267,185,112,246,0,175,350,12,56,102,40,81,36,71,0,203,135,252,163,132,201,0,223,358,9,75,98,30,30,27,69,0,216,141,242,200,95,231,0,232,413,14,61,81,43,70,43,70,0,225,144,316,175,134,243,0,207,418,12,73,123,31,86,29,70,0,171,160,290,201,182,266,0,274,541,37,107,253,95,127,64,59,0,142,210,291,160,128,197,0,187,333,16,80,145,72,121,26,67,0,115,99,207,149,150,295,0,292,576,114,181,162,101,128,162,143,0,220,252,325,148,131,253,0,199,366,22,108,120,47,61,44,56,0,186,162,283,177,144,275,0,212,400,16,60,99,33,78,36,64,0,235,154,330,176,105,229,0,253,415,21,86,89,31,80,27,65,0,192,143,345,216,124,254,0,217,409,19,67,107,47,45,66,50,0,337,147,310,215,213,304,0,327,611,22,141,254,102,113,73,73,0,231,281,337,128,158,302,0,297,518,11,75,120,38,99,42,50,0,201,226,266,197,148,325,0,312,724,61,179,196,121,154,368,130,0,309,348,315,202,144,222,0,254,455,12,86,121,35,82,32,60,0,215,173,297,187,67,180,0,244,395,17,74,91,32,55,34,79,0,222,201,374,193,126,176,0,235,384,22,89,99,24,60,36,70,0,236,175,364,217,136,260,0,279,374,14,84,111,41,92,30,75,0,224,196,349,267,190,343,0,296,597,25,121,261,93,150,34,91,0,270,279,361,205,202,286,0,278,409,9,33,142,57,109,40,57,0,142,177,345,221,223,418,0,348,564,48,112,231,97,130,320,97,0,257,331,410,254,150,253,0,246,414,23,75,86,24,95,44,95,0,230,211,393,226,124,223,0,236,412,20,70,112,31,77,35,84,0,251,192,351,200,132,186,0,157,424,24,78,98,37,107,48,70,0,226,202,365,201,132,245,0,226,408,23,71,198,28,93,47,107,0,182,185,422,269,163,335,0,309,738,37,133,278,65,113,103,94,0,295,292,353,291,160,358,0,202,449,14,98,156,35,109,46,98,0,194,206,227,193,147,338,0,320,638,45,219,251,179,138,353,150,0
263,230,896,844,1294,1065,450,987,552,651,482,534,439,240,84,36,0,123,199,694,716,1156,977,421,965,571,557,458,543,337,205,102,53,0,112,272,632,695,1171,1036,372,1106,670,589,391,608,393,228,94,38,0,104,232,604,793,1144,1108,483,978,682,699,390,554,429,308,101,42,0,110,236,697,797,1228,1400,439,1103,844,642,376,867,705,689,185,73,0,187,320,1056,764,1187,1268,489,1087,724,878,358,636,361,274,128,65,0,93,217,888,642,1181,1315,304,1376,668,845,312,973,629,537,177,44,0,237,321,871,670,1035,1099,340,791,638,498,304,497,331,260,137,45,0,95,254,703,557,1041,1139,391,838,585,429,375,598,353,271,131,55,0,128,300,799,597,932,1158,334,957,657,585,385,600,405,293,116,33,0,184,231,674,681,796,1097,431,899,660,789,364,653,445,304,205,0,0,146,367,890,655,1311,1796,501,1119,654,1013,308,829,744,882,306,89,0,265,428,1033,756,1136,1915,462,1204,759,798,364,796,312,401,148,94,0,147,359,676,765,1178,1736,495,1462,757,1227,480,1256,833,608,286,69,0,332,405,743,773,869,1092,414,749,357,593,334,599,285,326,192,38,0,167,399,589,538,814,938,474,905,416,523,301,553,330,285,156,0,0,211,499,728,734,779,1258,426,942,558,695,347,656,379,363,194,0,0,208,467,596,585,762,1212,519,970,627,725,342,738,450,383,236,0,0,208,479,773,707,1256,1638,928,1258,601,1315,510,1060,801,951,480,106,0,350,454,874,626,971,1281,649,1178,503,854,359,970,348,581,372,24,0,157,347,604,636,1032,1489,733,1504,702,1144,656,1311,931,885,395,54,0,290,446,696,682,869,1151,382,893,502,625,370,561,311,423,246,0,0,232,501,652,587,787,1125,463,993,519,668,380,725,345,390,200,0,0,257,518,711,670,866,1234,417,933,512,643,361,617,359,392,237,0,0,208,451,583,576,945,1167,478,885,516,619,460,728,359,434,251,0,0,181,530,848,592,983,1704,837,1337,506,1442,389,1069,879,1048,315,42,0,195,469,812,460,1044,1205,568,1021,453,653,253,888,342,601,323,55,0,80,344,573,473,1154,1282,676,1485,637,1088,602,1784,838,1153,484,181,0,315,690,1005,618,1000,1068,454,809,448,654,379,644,401,423,223,0,0,196,657,692,522,942,1068,489,868,471,680,427,690,366,362,251,0,0,155,516,730,481,934,1210,480,947,523,758,397,736,423,317,277,0,0,231,508,821,455,950,1301,486,973,554,850,418,919,468,494,279,0,0,229,546,861,551,1086,1780,538,1254,550,1313,415,1067,868,972,416,0,0,394,490,770,401,994,1037,496,1062,477,878,377,903,368,446,269,0,0,73,350,540,476,1045,1309,448,1607,770,1222,569,1617,815,1140,526,0,0,267,596,909,523,1022,1277,394,1025,450,609,323,556,361,323,222,0,0,254,564,1063,493,825,1261,409,1126,464,682,389,647,385,423,225,0,0,134,590,1062,612,795,1381,458,840,761,747,378,699,417,413,210,0,0,154,564,1037,616,939,1483,518,937,833,935,360,789,475,338,274,0,0,150,602,1240,503,975,2094,967,1139,777,1272,238,939,1252,965,367,60,0,257,658,1200,468,890,1615,778,1260,794,825,390,1047,755,750,419,38,0,210,380,694,605,1206,1632,655,1993,1076,1439,474,1587,1437,1710,640,181,0,348,706,1014,710,957,1282,420,986,600,713,409,640,478,396,244,0,0,205,521,830,541,997,1061,444,1135,529,684,308,829,361,391,281,0,0,207,573,1020,646,747,1421,458,843,740,967,267,704,430,371,256,0,0,275,575,1078,606,900,1571,422,823,633,1014,344,726,596,499,261,0,0,223,570,1067,771,822,2143,662,791,541,930,317,707,771,884,378,51,0,439,612,1219,620,845,1661,639,1054,734,828,358,1153,920,725,453,30,0,154,429,660,596,828,1861,716,1427,679,911,426,1197,1279,1570,554,470,0,374,786,1287,742,1015,1814,303,1048,699,860,281,709,454,477,301,0,0,217,579,1190,643,884,1385,430,1006,529,728,293,710,533,493,255,0,0,335,628,1001,488,798,1476,450,882,592,950,313,825,475,505,326,0,0,202,587,866,594,1017,1456,434,908,669,1032,309,850,541,547,352,0,0,230,484,1077,798,909,2368,793,732,657,1067,277,801,727,783,439,49,0,534,584,1031,590,885,2200,670,872,620,1049,409,1087,948,679,487,46,0,150,358,754,449,1023,1306,742,1568,890,1062,334,1189,1444,1229,623,106,0
842,0,0,0,565,64,678,175,936,0,768,203,323,30,60,0,0,409,0,0,0,578,123,949,187,670,0,325,136,239,25,19,0,0,283,0,0,0,480,75,742,171,494,0,288,124,195,44,15,0,0,294,0,0,0,478,97,643,173,436,0,227,99,194,12,15,0,0,268,0,0,0,476,244,628,173,759,0,441,141,292,39,44,0,0,432,0,0,0,486,281,993,355,774,0,570,204,360,39,22,0,0,351,0,0,0,374,268,887,234,799,0,599,157,349,57,24,0,0,299,0,0,0,338,99,460,164,258,0,181,93,155,23,16,0,0,212,0,0,0,404,137,378,182,246,0,263,91,105,29,12,0,0,296,0,0,0,432,69,447,185,426,0,282,92,165,32,14,0,0,232,0,0,0,355,306,576,146,453,0,298,110,153,58,25,0,0,282,0,0,0,322,505,538,180,613,0,388,193,256,85,36,0,0,525,0,0,0,345,545,772,165,704,0,462,195,254,122,35,0,0,515,0,0,0,410,796,637,241,1146,0,963,214,521,188,46,0,0,348,0,0,0,313,290,464,130,289,0,232,103,161,42,16,0,0,235,0,0,0,275,252,369,145,257,0,249,102,174,67,9,0,0,260,0,0,0,312,224,434,94,334,0,204,108,94,55,21,0,0,260,0,0,0,298,232,463,104,414,0,231,128,170,57,14,0,0,393,0,0,0,323,279,433,147,850,0,689,181,395,119,118,0,0,726,0,0,0,442,336,736,194,1010,0,1161,286,320,182,158,0,0,800,0,0,0,593,413,963,304,1146,0,1404,180,670,402,143,0,0,276,0,0,0,305,249,668,131,376,0,295,132,159,73,21,0,0,232,0,0,0,310,268,462,134,338,0,225,100,160,68,9,0,0,209,0,0,0,412,242,494,108,476,0,301,128,185,82,19,0,0,185,0,0,0,355,285,483,151,335,0,295,120,164,69,21,0,0,171,0,0,0,421,309,661,156,574,0,612,143,402,100,114,0,0,194,0,0,0,492,572,888,342,706,0,576,260,454,269,187,0,0,224,0,0,0,614,685,629,405,1358,0,1395,341,527,241,403,0,0,278,0,0,0,422,364,879,146,368,0,260,150,223,93,25,0,0,187,0,0,0,415,338,577,142,345,0,283,119,180,90,20,0,0,149,0,0,0,438,382,598,159,385,0,303,132,167,74,31,0,0,162,0,0,0,448,378,601,141,399,0,339,114,232,68,10,0,0,147,0,0,0,472,442,725,248,846,0,583,263,411,208,95,0,0,200,0,0,0,448,535,588,206,452,0,456,322,426,219,37,0,0,151,0,0,0,530,610,675,269,1254,0,1164,135,666,396,64,0,0,243,0,0,0,455,301,609,113,406,0,253,145,243,87,43,0,0,202,0,0,0,451,349,656,143,380,0,284,143,225,85,25,0,0,238,0,0,0,435,333,631,175,560,0,262,218,166,81,27,0,0,240,0,0,0,444,279,563,99,420,0,300,178,198,84,19,0,0,380,0,0,0,318,388,575,333,711,0,674,267,398,233,156,0,0,578,0,0,0,499,547,843,921,1058,0,1010,361,623,411,234,0,0,438,0,0,0,496,706,1083,772,1196,0,1061,136,713,662,231,0,0,477,0,0,0,422,333,603,179,747,0,408,195,290,102,41,0,0,310,0,0,0,412,332,570,128,411,0,240,166,220,120,30,0,0,248,0,0,0,364,308,482,121,402,0,306,180,148,76,15,0,0,258,0,0,0,385,312,568,185,545,0,345,164,218,93,21,0,0,282,0,0,0,279,473,504,264,756,0,802,177,343,212,109,0,0,455,0,0,0,528,636,765,650,1095,0,853,253,520,485,273,0,0,421,0,0,0,340,907,974,571,917,0,862,95,700,843,541,0,0,551,0,0,0,366,394,622,155,733,0,443,183,337,151,49,0,0,319,0,0,0,513,416,673,221,551,0,323,166,235,103,41,0,0,272,0,0,0,446,396,627,181,726,0,488,177,275,128,35,0,0,284,0,0,0,541,390,656,219,885,0,530,193,339,137,49,0,0,321,0,0,0,436,485,572,412,829,0,910,172,378,219,128,0,0,515,0,0,0,558,479,832,524,840,0,542,303,376,264,123,0,0,341,0,0,0,662,911,1031,580,846,0,903,141,624,718,377,0,0
0,0,587,860,0,503,0,832,367,0,643,325,454,47,0,0,0,0,0,625,1033,0,627,0,850,169,0,611,199,267,25,0,0,0,0,0,512,804,0,586,0,705,167,0,533,203,318,11,0,0,0,0,0,544,885,0,544,0,781,175,0,488,163,275,21,0,0,0,0,0,537,957,0,564,0,711,170,0,448,263,424,38,0,0,0,0,0,440,1091,0,415,0,743,380,0,478,224,322,21,0,0,0,0,0,521,1030,0,419,0,843,186,0,487,332,446,33,0,0,0,0,0,516,830,0,367,0,570,101,0,364,170,261,13,0,0,0,0,0,356,490,0,395,0,549,97,0,309,140,224,24,0,0,0,0,0,336,682,0,364,0,740,198,0,348,205,266,16,0,0,0,0,0,345,712,0,342,142,674,159,92,304,196,310,21,10,0,0,89,0,457,884,0,320,353,638,300,112,297,264,624,42,20,0,0,91,0,402,1128,0,339,352,759,382,207,312,196,395,46,19,0,0,124,0,458,1205,0,333,311,693,143,129,445,524,603,71,20,0,0,101,0,271,582,0,283,191,492,78,104,254,133,229,18,8,0,0,80,0,282,428,0,298,157,476,84,96,187,70,231,31,22,0,0,89,0,298,558,0,270,231,589,164,115,242,136,300,27,9,0,0,70,0,245,556,0,276,297,591,162,119,208,177,298,29,10,0,0,116,0,304,930,0,263,386,641,229,123,237,307,656,101,29,0,0,159,0,359,1036,0,241,263,616,207,127,201,148,229,53,32,0,0,148,0,317,729,0,228,434,488,145,134,369,404,487,76,32,0,0,128,0,264,396,0,207,245,209,184,148,251,177,189,18,19,0,0,94,0,272,335,0,210,339,196,146,93,264,153,125,33,38,0,0,131,0,257,332,0,177,218,229,115,104,259,209,152,35,24,0,0,76,0,302,326,0,208,300,183,69,105,187,189,184,32,26,0,0,80,0,259,406,0,197,436,249,333,152,386,355,334,98,35,0,0,115,0,255,322,0,197,281,244,118,203,187,226,151,108,17,0,0,111,0,279,441,0,202,336,183,342,186,364,586,404,103,25,0,0,118,0,309,327,0,196,268,199,120,107,227,176,132,50,34,0,0,105,0,225,256,0,213,250,208,91,127,274,131,112,49,22,0,0,86,0,312,304,0,207,258,210,90,116,282,208,144,34,34,0,0,97,0,286,334,0,216,408,194,154,106,297,205,190,59,33,0,0,99,0,321,429,0,220,419,200,305,162,295,380,328,143,34,0,0,207,0,270,273,0,191,187,210,145,121,215,109,161,85,37,0,0,99,0,304,375,0,168,297,191,295,107,342,469,563,124,20,0,0,150,0,335,338,0,149,259,221,174,114,252,207,126,51,32,0,0,103,0,361,348,0,187,305,190,92,97,288,155,144,61,32,0,0,89,0,274,532,0,158,277,509,135,76,320,180,265,38,25,0,0,105,0,342,543,0,176,310,624,142,94,282,204,272,25,17,0,0,163,0,300,903,0,278,423,669,245,203,241,541,839,191,32,0,0,157,0,270,677,0,265,253,687,188,158,214,256,332,106,21,0,0,158,0,408,1067,0,268,338,607,138,95,471,350,749,242,26,0,0,147,0,370,673,0,178,329,626,189,130,383,205,309,44,21,0,0,111,0,281,521,0,156,235,666,93,115,226,187,242,40,8,0,0,109,0,298,579,0,169,212,553,132,118,280,186,311,47,31,0,0,123,0,331,683,0,168,309,610,167,140,323,178,372,45,34,0,0,128,0,426,775,0,288,416,730,207,140,209,422,771,311,26,0,0,174,0,347,572,0,205,340,633,136,130,214,184,308,152,15,0,0,140,0,348,1025,0,231,380,526,102,75,339,281,577,261,24,0,0,120,0,323,701,0,132,346,703,177,144,418,180,346,34,22,0,0,92,0,430,644,0,131,271,569,135,163,316,119,287,38,29,0,0,97,0,304,674,0,121,288,613,89,106,284,179,205,70,49,0,0,101,0,344,694,0,246,271,587,105,129,272,257,357,22,33,0,0,107,0,442,916,0,185,368,599,272,147,180,337,694,151,21,0,0,154,100,286,690,0,141,360,574,131,110,226,188,262,77,16,0,0,109,0,272,900,0,182,318,581,121,122,239,422,721,136,28,0,0
105,0,0,286,99,135,154,0,153,189,0,179,0,173,0,0,0,72,0,0,288,271,109,134,0,183,136,0,63,0,33,0,0,0,40,0,0,240,233,64,135,0,116,106,0,62,0,44,0,0,0,67,0,0,260,159,98,147,0,73,104,0,59,0,50,0,0,0,41,0,0,202,125,56,119,0,60,116,0,116,0,41,0,0,0,75,0,0,166,114,52,142,0,61,96,0,63,0,24,0,0,0,64,0,0,183,90,51,133,0,80,95,0,114,0,50,0,0,0,53,0,0,197,89,62,137,0,33,100,0,45,0,22,0,0,0,39,0,0,186,98,83,99,0,73,10,0,43,0,20,0,0,0,36,0,0,163,92,67,125,0,48,72,0,56,0,17,0,0,0,34,0,0,203,0,0,168,0,63,139,0,74,0,27,0,4,0,109,0,0,158,0,81,140,0,47,123,0,135,0,48,0,1,0,201,0,0,151,0,63,156,0,93,144,0,88,0,21,0,6,0,178,0,0,216,0,70,140,0,83,169,0,164,0,42,0,1,0,116,0,0,202,0,70,119,0,47,97,0,33,0,17,0,3,0,105,0,0,173,0,0,125,0,55,74,0,53,0,23,0,5,0,130,0,0,221,0,0,135,0,59,96,0,58,0,14,0,0,0,143,0,0,151,0,0,109,0,56,88,0,64,0,9,0,1,0,122,0,0,153,0,66,129,0,53,125,0,178,0,24,0,6,0,154,0,0,189,0,0,136,0,60,95,0,77,0,21,0,4,0,211,0,0,214,0,0,148,0,140,163,0,136,0,64,0,4,0,175,0,0,171,0,0,120,0,72,117,0,67,0,27,0,1,0,127,0,0,193,0,0,122,0,73,84,0,48,0,20,0,4,0,105,0,0,144,59,0,99,0,70,55,0,55,0,16,0,5,0,73,0,0,164,67,0,103,0,61,102,0,47,0,18,0,1,0,117,0,0,165,78,0,141,0,47,147,0,129,0,30,0,9,0,162,0,0,116,52,0,88,0,66,62,0,47,0,16,0,4,0,159,0,0,166,67,0,126,0,102,121,0,127,0,52,0,1,0,128,0,0,132,63,0,96,0,83,98,0,43,0,24,0,2,0,152,0,0,157,79,0,112,0,103,101,0,79,0,13,0,1,0,137,0,0,171,68,0,109,0,72,58,0,85,0,19,0,3,0,163,0,0,146,105,0,103,0,63,126,0,57,0,25,0,4,0,149,0,0,162,104,0,154,0,42,144,0,106,0,46,0,4,0,163,0,0,142,108,0,112,0,71,74,0,62,0,19,0,3,0,138,0,0,185,89,0,105,0,107,140,0,154,0,73,0,4,0,248,0,0,154,60,0,104,0,95,70,0,71,0,17,0,5,0,161,0,0,139,95,0,110,0,75,82,0,47,0,19,0,1,0,150,0,0,147,92,0,133,0,48,84,0,47,0,23,0,7,0,153,0,0,148,84,0,126,0,47,48,0,48,0,15,0,4,0,132,0,0,129,87,0,140,0,29,129,0,161,0,34,0,7,0,193,0,0,105,94,0,97,0,87,70,0,63,0,26,0,9,0,185,0,0,174,77,0,120,0,107,232,0,120,0,70,0,9,0,186,0,0,145,87,0,127,0,55,128,0,38,0,26,0,4,0,158,0,0,149,89,0,125,0,69,107,0,57,0,30,0,1,0,129,0,0,122,100,0,118,0,38,101,0,52,0,14,0,0,0,133,0,0,116,77,0,117,0,38,110,0,44,0,23,0,1,0,169,0,0,83,67,0,134,0,34,132,0,115,0,57,0,4,0,199,0,0,98,72,0,157,0,83,86,0,57,0,19,0,1,0,131,0,0,142,95,0,109,0,81,141,0,114,0,39,0,2,0,163,0,0,98,91,0,149,0,47,120,0,70,0,21,0,1,0,161,0,0,130,79,0,124,0,66,114,0,67,0,24,0,0,0,162,0,0,144,70,0,123,0,51,119,0,61,0,10,0,2,0,142,0,0,143,70,0,136,0,36,118,0,72,0,18,0,1,0,151,0,0,103,77,0,119,0,26,141,0,178,0,31,0,2,0,152,0,0,116,108,0,119,0,75,99,0,71,0,39,0,2,0,129,0,0,129,118,0,136,0,163,264,0,154,0,79,0,5,0
274,0,0,191,0,161,340,0,349,405,58,0,223,67,0,0,0,197,0,0,237,0,273,264,0,269,227,35,0,151,38,0,0,0,114,0,0,199,0,193,235,0,152,218,46,0,143,30,0,0,0,108,0,0,207,0,178,241,0,267,171,53,0,108,22,0,0,0,128,0,0,168,0,178,224,0,322,235,37,0,181,55,0,0,0,154,0,0,180,0,148,180,0,486,251,63,0,121,38,0,0,0,188,0,0,183,0,184,187,0,395,229,81,0,232,88,0,0,0,154,0,0,160,0,103,218,0,156,151,31,0,107,25,0,0,0,114,0,0,114,0,108,171,0,251,130,43,0,116,34,0,0,0,87,0,0,157,0,73,157,0,311,110,27,0,107,47,0,0,0,79,0,0,560,0,0,163,0,243,177,32,0,106,38,0,2,0,245,0,0,562,0,0,211,40,348,190,82,0,310,45,0,2,0,433,0,0,520,0,0,239,47,447,329,82,0,125,18,0,1,0,424,0,0,624,0,0,252,68,407,410,63,0,297,102,0,2,0,231,0,0,407,0,0,118,56,243,110,39,0,93,30,0,3,0,221,0,0,376,0,0,153,49,273,149,47,0,113,36,0,2,0,265,0,0,413,0,0,148,38,251,126,43,0,110,20,0,2,0,207,0,0,436,0,0,138,58,241,142,46,0,100,31,0,5,0,301,0,0,550,0,0,128,105,373,275,50,0,241,58,41,2,0,321,0,0,413,0,0,133,127,515,171,60,0,149,32,52,6,0,271,0,0,556,0,0,136,156,453,279,29,0,371,91,28,2,0,293,0,0,444,0,0,149,53,277,132,39,0,99,48,0,7,0,246,0,0,431,0,0,168,62,278,147,34,0,99,30,0,7,0,198,0,0,423,0,85,133,44,249,134,56,0,99,30,0,10,0,213,0,0,397,0,65,120,40,234,115,34,0,125,37,0,7,0,219,0,0,418,0,53,160,114,336,152,85,0,233,59,50,4,0,316,0,0,375,0,71,86,84,208,91,36,0,89,20,31,2,0,219,0,0,410,0,74,151,118,506,244,42,0,307,104,28,11,0,288,0,0,441,0,61,97,42,242,91,54,0,127,30,0,2,0,212,0,0,361,0,69,98,57,241,118,51,0,144,41,0,5,0,187,0,0,370,0,77,99,52,284,169,46,0,113,32,0,7,0,213,0,0,352,0,60,111,40,316,147,78,0,119,38,0,10,0,224,0,0,412,0,99,153,44,313,149,52,0,276,55,0,9,0,323,0,0,421,0,71,107,56,238,127,63,0,150,37,0,6,0,192,0,0,442,0,84,168,75,504,343,20,0,362,104,0,10,0,292,0,0,417,0,78,117,45,205,139,47,0,109,29,0,7,0,210,0,0,324,0,80,111,54,245,161,42,0,115,26,0,9,0,239,0,0,403,0,70,84,25,288,128,51,0,127,26,0,7,0,246,0,0,380,0,75,129,24,292,132,53,0,133,23,0,7,0,284,0,0,455,0,73,95,98,345,303,79,0,281,66,36,0,0,389,0,0,445,0,73,159,157,329,118,54,0,119,68,22,4,0,302,0,0,642,0,102,175,122,275,268,39,0,349,163,26,3,0,366,0,0,374,0,105,137,51,350,176,53,0,163,32,0,11,0,236,0,0,341,0,79,103,42,281,132,59,0,128,32,0,6,0,179,0,0,334,0,67,111,52,246,151,49,0,108,29,0,6,0,262,0,0,372,0,68,110,43,251,160,61,0,150,32,0,9,0,291,0,0,389,0,84,79,102,346,241,42,0,219,77,63,4,0,362,0,0,402,0,70,74,86,286,103,63,0,135,35,43,7,0,302,0,0,484,0,78,102,131,232,166,47,0,225,104,55,4,0,347,0,0,351,0,116,124,51,294,139,49,0,142,39,0,10,0,240,0,0,439,0,85,111,73,246,152,51,0,140,41,0,4,0,221,0,0,347,0,93,101,30,308,129,70,0,149,30,0,8,0,237,0,0,330,0,77,95,42,288,139,73,0,192,45,0,8,0,292,0,0,447,0,64,103,96,332,199,55,0,276,70,65,6,0,433,0,0,408,0,111,100,129,339,140,49,0,133,52,45,26,0,347,0,0,599,0,120,152,134,329,230,38,0,346,174,62,5,0
184,0,426,1087,975,916,700,515,761,587,739,374,319,1013,197,0,0,145,0,344,804,1090,848,877,330,810,466,636,280,228,491,104,0,0,103,0,345,1095,949,879,749,404,823,410,543,333,275,542,182,0,0,98,0,363,1148,1084,843,778,411,591,491,507,329,276,424,189,0,0,108,0,417,1404,1155,950,724,623,553,570,617,409,319,593,247,0,0,187,0,404,1443,1296,1027,877,384,692,465,667,288,228,436,82,0,0,198,0,409,1456,1470,1138,926,468,702,451,644,458,393,784,267,0,0,88,0,394,926,810,545,638,339,446,361,473,429,243,379,108,0,0,62,0,320,853,566,622,551,489,496,428,346,346,231,303,119,0,0,99,0,394,959,798,562,631,507,513,463,383,356,221,375,107,0,0,69,0,402,1149,1028,465,1052,585,587,439,674,318,205,355,107,0,0,172,0,320,1330,1030,817,1154,886,604,651,615,430,351,636,177,0,0,260,0,375,1532,1230,876,1247,718,859,433,851,480,308,413,138,0,0,287,0,413,1656,1492,956,1320,879,1107,579,1168,641,495,987,182,0,0,187,0,317,877,555,491,934,515,409,301,476,302,140,266,67,0,0,180,0,386,749,662,481,877,420,623,370,445,279,228,241,88,0,0,163,0,384,787,596,459,844,736,642,372,475,282,198,258,89,0,0,167,0,422,865,561,539,885,692,572,477,540,387,243,287,88,0,0,88,0,436,1002,955,696,1046,1249,787,510,516,402,544,679,132,0,0,236,0,401,987,820,567,854,730,968,528,428,391,333,424,89,0,0,146,0,383,773,751,611,994,949,972,502,827,484,517,841,132,0,0,200,0,333,791,569,483,711,508,634,392,487,253,253,331,77,0,0,85,0,377,687,537,547,814,686,861,433,570,269,251,287,80,0,0,192,0,456,859,537,590,742,757,539,489,525,352,264,271,80,0,0,151,0,428,720,474,550,903,538,623,479,664,281,221,242,87,0,0,171,0,344,818,680,820,921,1151,664,493,640,502,514,709,118,0,0,233,0,258,725,474,477,590,733,637,262,444,386,241,387,87,0,0,145,0,264,704,784,695,1074,1104,1178,448,913,400,240,1084,190,0,0,173,0,319,756,559,511,721,521,763,387,518,296,243,289,106,0,0,141,0,342,659,431,464,752,420,717,397,472,338,225,254,102,0,0,152,0,346,712,445,512,793,609,511,423,627,320,322,287,97,0,0,227,0,405,657,535,566,816,702,592,452,610,339,226,318,112,0,0,176,0,373,826,770,748,812,876,692,427,633,427,435,615,247,0,0,222,0,374,670,483,458,678,482,658,308,490,453,251,309,137,0,0,98,0,291,803,771,651,845,707,1195,394,972,388,371,1057,190,0,0,225,0,337,793,593,550,617,639,841,344,545,333,270,304,87,0,0,142,0,350,741,598,494,595,690,743,379,562,399,172,261,110,0,0,193,0,335,709,806,492,645,729,572,420,615,294,290,342,102,0,0,200,0,407,837,701,403,714,804,595,453,674,360,228,290,108,0,0,233,0,382,942,814,696,947,1155,762,533,571,495,568,738,254,0,0,302,0,319,722,698,688,887,900,784,434,527,422,317,503,92,0,0,175,0,358,731,853,720,1286,1041,1250,341,846,529,434,1017,360,0,0,240,0,376,869,742,361,669,710,813,370,841,299,235,347,107,0,0,193,0,393,666,619,574,755,611,815,444,572,287,262,302,97,0,0,167,0,428,679,616,389,597,744,562,408,561,290,238,288,122,0,0,182,0,357,862,751,546,587,744,519,477,804,348,255,279,119,0,0,196,0,316,947,823,653,695,1076,529,535,496,478,594,561,286,0,0,233,0,262,579,502,603,958,783,874,429,371,424,436,456,83,0,0,187,0,344,861,963,664,983,1097,1168,473,548,531,327,922,370,0,0,278,0,308,788,532,592,503,661,798,400,600,454,312,361,121,0,0,210,0,401,698,655,522,605,653,753,466,631,309,287,317,110,0,0,198,0,384,750,674,477,618,781,622,509,728,413,336,284,89,0,0,150,0,423,726,661,560,848,707,687,491,839,354,266,360,108,0,0,250,0,356,1091,890,704,1005,1145,605,489,418,504,437,552,187,0,0,337,0,515,777,479,868,940,1021,1141,577,537,549,448,523,128,0,0,245,0,342,1036,898,805,1173,1071,1458,614,705,628,428,1205,288,0,0
0,164,342,267,187,0,238,181,156,375,0,262,0,170,0,0,0,0,111,426,332,306,0,495,161,90,368,0,196,0,57,0,0,0,0,81,346,292,303,0,410,132,82,260,0,192,0,24,0,0,0,0,42,314,262,248,0,379,165,93,211,0,155,0,36,0,0,0,0,57,315,312,330,0,488,181,91,239,0,152,0,59,0,0,0,0,133,360,308,195,0,348,217,111,365,0,318,0,18,0,0,0,0,115,270,220,186,0,343,142,111,286,0,176,0,69,0,0,0,0,41,228,221,180,0,332,213,68,208,0,121,0,29,0,0,0,0,46,224,167,161,0,297,219,58,152,0,114,0,19,0,0,0,0,20,203,177,158,0,249,138,74,178,0,135,0,46,0,0,0,0,30,251,342,207,0,237,211,93,237,0,133,0,27,0,0,0,0,31,207,264,197,0,266,212,108,225,0,104,0,54,0,0,0,0,102,261,263,134,0,272,114,109,270,0,118,0,23,0,0,0,0,47,222,322,196,0,223,134,106,221,0,161,0,82,0,0,0,0,42,147,183,138,0,261,80,69,118,0,88,0,14,0,0,0,0,41,177,158,112,0,107,126,93,94,0,119,0,21,0,0,0,0,20,199,196,95,0,190,88,119,113,0,92,0,29,0,0,0,0,27,200,154,88,0,198,88,135,154,0,134,0,12,0,0,0,0,44,275,201,160,0,290,99,150,257,0,115,0,50,0,0,0,0,35,222,237,92,0,151,117,125,179,0,202,0,28,0,0,0,0,23,224,212,174,0,313,107,143,250,0,179,0,81,0,0,0,0,33,115,178,142,0,174,105,93,99,0,136,0,34,0,0,0,0,45,173,197,127,0,226,126,56,108,0,103,0,30,0,0,0,0,36,161,178,111,0,219,99,62,101,0,102,0,27,0,0,0,0,27,139,144,77,0,184,97,69,93,0,88,0,28,0,0,0,0,21,156,162,119,0,194,111,55,186,0,163,0,41,0,0,0,0,63,87,148,98,0,129,112,17,88,0,95,0,13,0,0,0,0,26,109,177,104,0,237,100,76,268,0,159,0,50,0,0,0,0,35,123,157,115,0,166,164,58,104,0,139,0,27,0,0,0,0,31,112,142,81,0,204,139,60,78,0,119,0,25,0,0,0,0,27,134,143,78,0,192,115,40,95,0,103,0,25,0,0,0,0,46,133,165,91,0,196,118,48,101,0,96,0,28,0,0,0,0,40,138,168,139,0,194,119,91,203,0,169,0,45,0,0,0,0,60,107,133,95,0,167,100,55,108,0,138,0,20,0,0,0,0,27,133,171,151,0,240,110,67,296,0,204,0,88,0,0,0,0,41,141,196,115,0,173,137,82,95,0,142,0,33,0,0,0,0,31,113,154,111,0,189,110,62,103,0,109,0,25,0,0,0,0,39,141,167,135,0,156,101,91,211,0,162,0,20,0,0,0,0,20,142,140,113,0,171,109,110,218,0,145,0,34,0,0,0,0,37,164,188,118,0,149,110,183,298,0,118,0,54,92,0,0,0,54,155,131,101,0,176,89,100,132,0,84,0,20,9,0,0,0,22,175,208,231,0,237,109,133,300,0,194,0,73,184,0,0,0,50,169,184,153,0,203,121,115,258,0,167,0,42,0,0,0,0,31,129,154,104,0,180,77,103,137,0,149,0,32,0,0,0,0,17,131,174,141,0,147,103,98,182,0,129,0,16,0,0,0,0,35,171,145,154,0,130,96,113,118,0,175,0,30,0,0,0,0,38,163,171,126,0,166,58,109,248,0,95,0,35,83,0,0,0,33,142,126,98,0,227,82,86,146,0,119,0,24,27,0,0,0,34,158,290,214,0,183,141,131,386,0,128,0,72,157,0,0,0,51,183,193,63,0,151,52,143,261,0,239,0,49,0,0,0,0,30,184,156,111,0,199,89,109,243,0,139,0,26,0,0,0,0,43,179,163,74,0,170,111,121,197,0,166,0,40,0,0,0,0,27,185,207,110,0,202,116,151,218,0,199,0,36,0,0,0,0,49,140,224,147,0,186,124,187,342,0,105,0,51,83,0,0,0,52,250,177,95,0,206,68,123,238,0,119,0,23,14,0,0,0,44,193,250,183,0,303,105,173,399,0,123,0,78,131,0,0
450,389,480,115,127,65,154,785,165,0,1572,182,11,157,413,0,0,97,375,479,114,110,106,168,781,78,0,1078,108,13,91,100,0,0,46,221,409,92,75,91,198,824,89,0,310,185,15,97,82,0,0,47,202,378,73,45,65,185,780,74,0,212,142,4,51,59,0,0,52,245,401,93,79,82,217,648,95,0,353,178,18,81,182,0,0,183,459,343,68,77,66,205,651,173,0,380,244,4,72,64,0,0,42,317,448,67,88,105,179,577,123,0,327,177,11,170,203,0,0,63,185,336,70,57,36,278,662,54,0,188,143,9,53,74,0,0,38,200,259,67,56,50,240,588,49,0,149,104,8,61,61,1,0,50,194,265,71,35,61,202,545,35,0,155,122,3,67,72,0,0,41,182,269,89,70,46,0,721,69,0,311,233,6,56,58,0,0,36,217,206,113,55,77,185,570,152,0,213,246,12,91,198,0,0,75,336,206,109,79,96,116,574,135,0,283,162,8,66,85,0,0,36,130,294,97,57,105,141,645,159,0,334,388,9,268,199,0,0,69,211,270,68,55,57,106,645,173,0,105,155,3,75,88,0,0,40,142,237,71,72,62,0,611,147,0,111,176,8,72,79,0,0,41,182,218,77,44,37,0,642,187,0,138,131,12,70,47,1,0,24,178,243,83,46,29,0,656,158,0,135,199,15,47,72,0,0,50,219,250,90,53,58,277,652,215,0,246,292,9,148,158,0,0,37,305,186,94,82,90,0,540,288,0,134,236,10,119,84,0,0,33,214,261,90,71,80,0,847,300,0,251,359,8,250,188,0,0,70,183,240,56,49,47,0,610,132,0,136,216,11,69,82,1,0,51,177,250,77,22,43,0,640,158,0,132,209,4,62,71,0,0,37,178,227,54,42,34,0,603,144,0,150,184,8,66,59,0,0,27,198,245,67,40,36,0,502,156,0,152,190,9,58,75,0,0,51,193,233,61,38,47,0,605,218,0,243,322,13,141,153,0,0,77,248,173,60,34,44,0,426,221,0,87,194,2,103,64,1,0,33,175,264,40,34,48,0,774,299,0,484,367,15,284,196,0,0,55,193,234,56,41,38,0,544,140,0,142,193,5,75,65,0,0,42,153,211,63,43,21,0,517,171,0,139,169,3,69,67,0,0,36,186,231,51,37,36,0,561,148,0,177,189,4,70,69,2,0,121,180,210,42,47,31,0,629,151,0,198,190,6,46,77,1,0,48,196,214,44,45,46,0,565,189,0,229,262,7,99,192,0,0,83,248,219,49,38,24,0,418,158,0,105,197,5,64,96,2,0,33,158,220,34,38,49,0,641,197,0,320,332,16,185,292,0,0,80,209,268,75,50,46,0,608,142,0,135,177,18,69,71,0,0,40,188,241,68,38,46,0,574,135,0,156,190,6,44,92,0,0,37,175,230,83,54,32,0,565,130,0,249,244,11,79,87,0,0,107,182,190,76,72,42,0,542,179,0,326,237,13,56,54,2,0,36,197,193,78,45,62,0,529,224,0,312,225,17,66,167,0,0,111,305,192,68,46,24,0,610,239,0,125,219,10,90,65,1,0,27,201,347,62,34,52,0,674,296,0,328,275,36,159,251,0,0,66,248,262,70,50,69,0,667,129,0,376,290,7,95,88,0,0,36,148,235,78,39,30,0,701,187,0,237,211,8,66,98,0,0,40,240,198,72,46,45,0,513,135,0,199,223,8,58,63,0,0,31,214,209,91,42,64,0,499,134,0,254,295,12,63,92,0,0,34,224,198,105,31,61,0,433,232,0,201,231,14,52,152,0,0,151,310,133,84,60,28,0,752,242,0,148,280,6,88,103,3,0,45,170,269,134,36,74,0,626,338,0,306,238,49,191,266,3,0,109,273,230,82,41,56,0,535,182,0,253,332,12,124,114,0,0,56,237,221,73,55,45,0,669,161,0,339,259,15,62,66,1,0,32,243,182,74,69,41,0,603,163,0,217,188,14,66,99,1,0,55,253,186,62,68,46,0,645,177,0,239,347,11,67,81,1,0,71,245,244,128,33,54,0,522,198,0,290,268,18,69,133,23,0,307,345,191,38,53,54,0,650,252,0,289,252,7,133,103,0,0,47,240,274,119,39,74,0,923,365,0,440,327,28,187,330,3,0
0,251,0,0,0,26,0,0,197,0,0,0,5,0,75,0,0,0,58,0,0,0,17,0,0,235,0,0,0,6,0,42,0,0,0,37,0,0,0,11,0,0,233,0,0,0,4,0,28,0,0,0,31,0,0,0,17,0,0,181,0,0,0,9,0,25,0,0,0,51,0,0,0,9,0,0,184,0,0,0,6,0,38,0,0,0,141,0,0,0,14,0,0,192,0,0,0,4,0,23,0,0,0,63,0,0,0,10,0,0,159,0,0,0,9,0,78,0,0,0,34,0,0,0,10,0,0,246,0,0,0,7,0,19,0,0,0,39,0,0,0,6,0,0,211,0,0,0,4,0,22,0,0,0,38,0,0,0,9,0,0,194,0,0,0,6,0,23,0,0,0,34,23,0,0,8,0,0,201,0,0,0,4,0,12,0,0,0,38,25,0,0,23,0,0,215,0,0,0,10,0,44,0,0,0,82,47,0,0,19,0,0,181,0,0,0,11,0,11,0,0,0,52,24,0,0,12,0,0,180,0,0,0,8,0,69,0,0,0,37,15,0,0,11,0,0,165,0,0,0,4,0,20,0,0,0,24,10,0,0,7,0,0,186,0,0,0,4,0,16,0,0,0,31,12,0,0,7,0,0,181,0,0,0,4,0,15,0,0,0,18,34,0,0,14,0,0,229,0,0,0,3,0,10,0,0,0,42,23,0,0,11,0,0,210,0,0,0,20,0,29,0,0,0,65,31,0,0,13,0,0,195,0,0,0,7,0,17,0,0,0,45,32,0,0,11,0,0,353,0,0,0,17,0,46,0,0,0,40,14,0,0,2,0,0,196,0,0,0,7,0,16,0,0,0,25,6,0,0,11,0,0,199,0,0,0,3,0,12,0,0,0,35,19,0,0,3,0,0,166,0,0,0,1,0,15,0,0,0,21,15,0,0,3,0,0,142,0,0,0,4,0,10,0,0,0,33,31,0,0,6,0,0,198,0,0,0,4,0,29,0,0,0,57,10,0,0,9,0,0,134,0,0,0,5,0,20,0,0,0,39,20,0,0,2,0,0,263,0,0,0,2,0,70,0,0,0,28,12,0,0,3,0,0,192,0,0,0,1,0,15,0,0,0,46,22,0,0,9,0,0,141,0,0,0,2,0,17,0,0,0,24,7,0,0,5,0,0,147,0,0,0,9,0,15,0,0,0,39,46,0,0,8,0,0,156,0,0,0,4,0,15,0,0,0,27,20,0,0,4,0,0,168,0,0,0,13,0,33,0,0,0,58,19,0,0,2,0,0,171,0,0,0,1,0,21,0,0,0,26,10,0,0,15,0,0,242,0,0,0,9,0,88,0,0,0,21,14,0,0,4,0,0,197,0,0,0,4,0,18,0,0,0,52,6,0,0,8,0,0,156,0,0,0,7,0,10,0,0,0,42,21,0,0,12,0,0,212,0,0,0,5,0,25,0,0,0,19,17,0,0,15,0,0,188,0,0,0,5,0,14,0,0,0,33,13,0,0,12,0,0,150,0,0,0,24,0,14,0,0,0,55,17,0,0,13,0,0,221,0,0,0,0,0,29,0,0,0,29,26,0,0,1,0,0,301,0,0,0,15,0,69,0,0,0,63,28,0,0,12,0,0,225,0,0,0,8,0,22,0,0,0,16,20,0,0,16,0,0,180,0,0,0,6,0,13,0,0,0,22,15,0,0,18,0,0,162,0,0,0,13,0,13,0,0,0,25,21,0,0,9,0,0,194,0,0,0,8,0,19,0,0,0,27,24,0,0,11,0,0,149,0,0,0,37,0,16,0,0,0,65,34,0,0,12,0,0,236,0,0,0,3,0,28,0,0,0,35,17,0,0,10,0,0,181,0,0,0,7,0,88,0,0,0,45,31,0,0,27,0,0,182,0,0,0,4,0,29,0,0,0,50,25,0,0,11,0,0,182,0,0,0,14,0,15,0,0,0,45,16,0,0,11,0,0,193,0,0,0,2,0,30,0,0,0,30,21,0,0,13,0,0,198,0,0,0,3,0,14,0,0,0,44,15,0,0,21,0,0,114,0,0,0,32,0,21,0,0,0,94,34,0,0,7,0,0,216,0,0,0,12,0,41,0,0,0,37,34,0,0,19,0,0,397,0,0,0,48,0,128,0,0
0,273,178,0,68,241,0,97,102,0,27,208,77,55,0,0,0,0,99,198,0,63,395,0,98,93,0,29,215,79,26,0,0,0,0,73,142,0,62,363,0,116,88,0,11,232,85,17,0,0,0,0,63,156,0,64,365,0,116,125,0,20,168,85,9,0,0,0,0,61,142,0,60,418,0,155,144,0,38,270,138,36,0,0,0,0,155,191,0,72,287,0,189,206,0,28,237,190,13,0,0,0,0,61,190,0,65,332,0,149,117,0,35,184,130,57,0,0,0,0,92,112,0,45,362,0,126,201,0,26,192,106,26,0,0,0,0,80,133,0,43,259,0,181,314,0,38,231,79,12,0,0,0,0,65,135,0,55,264,0,160,177,0,29,230,98,25,0,0,0,0,46,113,0,66,401,0,35,258,0,28,425,84,9,0,0,0,0,55,138,0,72,293,0,176,215,0,33,366,126,40,0,0,0,0,94,216,0,85,324,0,128,98,0,31,272,83,11,0,0,0,0,53,125,0,68,450,0,128,164,0,32,549,195,95,0,0,0,0,63,99,0,26,257,0,217,212,0,31,277,80,15,0,0,0,0,45,81,0,44,266,0,22,198,0,32,367,86,14,0,0,0,0,50,132,0,25,267,0,30,136,0,23,365,75,19,0,0,0,0,38,132,0,64,311,0,18,147,0,35,385,76,20,0,0,0,0,74,140,0,71,584,0,316,145,0,62,354,162,27,0,0,0,0,76,189,0,57,367,0,44,225,0,38,1203,289,32,0,0,0,0,69,150,0,57,735,0,50,249,0,66,624,167,86,0,0,0,0,91,107,0,44,335,0,25,172,0,21,310,108,15,0,0,0,0,67,81,0,41,307,0,17,216,0,15,408,83,21,0,0,0,0,97,149,0,61,333,0,39,172,0,19,368,90,11,0,0,0,0,55,96,0,43,239,0,26,192,0,35,322,42,16,0,0,0,0,50,108,0,33,519,0,42,151,0,30,484,281,31,0,0,0,0,149,128,0,24,297,0,18,221,0,10,304,134,6,0,0,0,0,51,89,0,43,514,0,37,229,0,31,577,130,52,0,0,0,0,75,46,0,22,254,0,16,287,0,21,274,72,20,0,0,0,0,69,56,0,27,272,0,26,220,0,20,339,111,13,0,0,0,0,55,89,0,16,290,0,31,145,0,19,358,66,8,0,0,0,0,49,99,0,32,253,0,30,178,0,15,313,87,12,0,0,0,0,68,83,0,31,603,0,58,164,0,31,406,89,33,0,0,0,0,126,108,0,32,239,0,27,203,0,18,446,181,12,0,0,0,0,53,108,0,22,524,0,54,203,0,45,585,135,57,0,0,0,0,70,118,0,35,274,0,16,166,0,15,324,81,18,0,0,0,0,74,121,0,31,262,0,26,156,0,21,338,76,16,0,0,0,0,79,109,0,37,389,0,27,135,0,24,426,69,14,0,0,0,0,56,128,0,44,453,0,46,160,0,27,394,113,17,0,0,0,0,54,120,0,39,579,0,59,175,0,66,276,182,9,0,0,0,0,192,164,0,42,438,0,29,189,0,26,366,133,8,0,0,0,0,67,87,0,46,711,0,56,189,0,60,395,153,34,0,0,0,0,93,116,0,51,393,0,35,123,0,23,352,85,13,0,0,0,0,78,116,0,31,289,0,24,166,0,20,331,87,14,0,0,0,0,57,111,0,49,416,0,35,109,0,38,327,60,11,0,0,0,0,50,132,0,72,372,0,43,131,0,36,357,84,15,0,0,0,0,52,118,0,34,383,0,77,122,0,80,257,181,17,0,0,0,0,144,176,0,68,291,0,20,152,0,26,412,151,30,0,0,0,0,93,126,0,47,540,0,64,240,0,106,424,165,31,0,0,0,0,103,181,0,62,296,0,45,117,0,32,366,153,23,0,0,0,0,59,138,0,46,386,0,26,138,0,14,330,111,20,0,0,0,0,72,136,0,60,380,0,43,130,0,57,308,110,14,0,0,0,0,76,138,0,62,372,0,70,154,0,47,329,118,21,0,0,0,0,77,162,0,40,417,0,73,161,0,89,353,240,12,0,0,0,0,345,220,0,60,305,0,96,97,0,47,430,172,21,0,0,0,0,71,135,0,47,739,0,66,317,0,66,516,207,58,0,0,0
0,1461,1165,1005,1392,1460,1648,1687,1734,1278,1388,1578,526,419,509,115,0,0,1114,1010,735,1149,1447,1395,1554,1527,1219,1194,1486,579,263,352,59,0,0,1145,843,673,1141,1414,1384,1594,1566,1359,1196,1627,533,381,407,144,0,0,1182,849,660,1131,1345,1464,1613,1562,1278,1184,1510,485,404,473,85,0,0,811,927,808,1183,1523,1692,1947,1696,1638,1823,2460,860,576,557,115,0,0,809,986,765,1198,1446,1453,1813,1561,1219,1302,1480,488,210,414,77,0,0,541,539,822,1455,1561,1850,2244,1892,1761,1932,2120,886,378,670,120,0,0,1192,1044,834,1150,1199,1215,1616,1617,1595,1382,1427,661,298,370,87,0,0,928,911,732,1135,1116,1174,1395,1446,1317,1296,1513,526,290,388,106,0,0,1392,927,825,1072,1275,1361,1591,1677,1233,1518,1579,552,348,391,102,0,0,1134,856,847,1124,1400,1419,1717,1867,1504,1443,1884,546,362,509,135,0,0,792,1399,874,1405,1603,1860,2129,2301,1512,1805,3461,858,382,642,214,0,0,967,1318,975,1307,1546,1742,2249,1678,1192,1383,1169,227,136,452,174,0,0,609,1105,623,1607,1521,1934,2210,2491,1801,2691,3300,972,439,1231,162,0,0,1379,1007,803,1362,1287,1220,1390,1584,1145,1362,1578,373,320,371,86,0,0,1154,714,841,1298,1231,1296,1419,1839,1197,1311,1500,372,270,394,74,0,0,1247,932,798,1112,1157,1474,1519,1883,1258,1315,1617,426,329,367,79,0,0,1248,926,899,1200,1229,1733,1669,1882,1388,1379,1849,473,351,374,62,0,0,1200,1037,872,1332,1368,1864,2181,2461,1319,1768,3562,1452,568,550,147,0,0,1334,1097,845,1141,1218,1579,1576,2231,1104,1471,1794,1236,306,836,213,0,0,756,857,888,1440,1349,1689,2171,2889,1721,2693,3241,1379,385,1664,644,0,0,883,942,862,1038,1160,1125,1002,1641,1193,700,1229,394,277,439,124,0,0,720,752,759,796,1193,1265,1285,1619,1173,889,1275,416,275,423,122,0,0,871,806,798,751,1024,1373,1430,1799,1103,1003,1325,407,248,430,114,0,0,814,716,794,829,1262,1452,1336,1793,1151,1007,1414,347,248,437,115,0,0,756,743,771,923,1191,1774,1861,2326,1477,1268,2901,1177,383,663,278,0,0,638,558,555,663,873,1101,1191,1457,988,691,1240,523,230,738,164,0,0,405,493,617,846,1108,1686,2053,2787,2058,1700,2529,946,426,1360,225,0,0,852,708,746,780,997,1279,1105,1416,1114,893,1245,329,299,468,110,0,0,826,595,707,606,987,1261,1278,1543,1029,841,1279,415,260,407,111,0,0,761,630,678,722,964,1440,1313,1637,1121,856,1260,392,308,455,95,0,0,913,599,709,747,1059,1260,1392,1680,1257,1060,1575,562,343,435,137,0,0,757,587,750,1015,1245,1841,1862,2071,1905,1443,2682,934,271,672,424,0,0,787,559,639,688,959,1170,1401,1394,1113,722,1301,418,258,473,165,0,0,340,522,780,978,1275,1738,1970,2289,2118,1997,2697,974,568,1295,640,0,0,1116,878,489,874,1048,1215,1261,1617,1129,1007,1171,376,285,357,85,0,0,889,610,761,679,1139,1233,1192,1667,1184,828,1280,507,286,393,126,0,0,1327,936,945,818,1077,1754,1519,1917,1651,1437,1749,401,339,440,157,0,0,1300,978,990,997,1228,1761,1799,2028,1670,2118,1976,538,392,479,91,0,0,1329,1268,1034,1252,1671,1818,1994,2478,2209,2000,3205,1274,259,576,419,0,0,1532,1061,833,1137,1445,1695,1717,2196,1703,1833,2099,1181,283,830,346,0,0,972,903,889,1468,1798,2533,2201,2542,2724,2468,2915,960,374,1314,1225,0,0,1785,1053,899,1426,1069,1818,1579,1915,1735,2067,1783,429,340,407,107,0,0,1354,995,909,1252,1129,1708,1458,1978,1525,1499,1783,409,296,372,82,0,0,1338,984,925,1086,1146,1725,1820,2025,1264,1208,1790,418,348,369,103,0,0,1393,983,849,1042,1109,1816,1837,2035,1682,1699,1987,513,371,364,120,0,0,1387,1405,903,1201,1588,1868,2074,2677,2222,2094,3455,1318,266,596,488,0,0,1537,1125,927,1049,1417,1770,1792,2119,1599,1738,2147,1128,288,811,354,0,0,938,1262,843,1458,1328,2399,2231,2474,2358,2566,2787,1101,385,1396,1147,0,0,1860,1240,973,1443,946,2032,1570,1808,1765,1679,1908,491,385,477,107,0,0,1364,978,1017,1410,1139,1591,1511,1957,1455,1432,1899,585,323,428,98,0,0,1581,1031,1059,895,1276,1548,1709,1875,1501,2097,2204,536,379,438,111,0,0,1471,951,1034,962,1095,1756,2004,1849,1428,2064,2409,651,381,446,103,0,0,1547,1531,1018,1269,1857,2546,2455,3040,2137,1854,3415,1218,257,1110,429,0,0,1606,944,592,766,1042,1709,1989,2204,1662,2152,2603,1239,268,796,372,0,0,1116,1116,934,1393,1797,2874,2592,3108,2680,2507,3180,1482,392,1304,1432,0
162,0,170,0,185,30,216,144,0,161,22,0,0,0,2,1,0,111,0,148,0,142,26,164,94,0,174,24,0,0,0,10,0,0,99,0,197,0,155,26,144,133,0,147,32,0,0,0,6,8,0,104,0,129,0,166,42,181,144,0,139,57,0,0,0,11,2,0,94,0,150,0,197,38,203,202,0,211,63,0,0,0,19,4,0,96,0,130,0,197,28,181,120,0,84,27,0,0,0,3,3,0,63,0,130,0,247,38,186,149,0,215,53,0,0,0,7,6,0,134,0,151,0,169,16,182,217,0,97,37,0,0,0,8,0,0,103,0,129,0,124,37,172,98,0,112,32,0,0,0,11,6,0,133,0,168,0,219,37,159,146,0,119,38,0,0,0,9,5,0,132,0,138,0,130,39,179,100,0,159,36,0,0,0,11,8,0,108,0,166,0,219,31,314,192,0,132,41,0,0,0,20,5,0,121,0,269,0,236,46,282,166,0,78,11,0,0,0,14,6,0,95,0,223,0,231,28,312,271,0,274,96,0,0,0,25,11,0,229,0,181,0,177,30,193,100,0,110,27,0,0,0,6,1,0,128,0,141,0,145,33,148,96,0,108,50,0,0,0,7,3,0,133,0,160,0,166,29,211,162,0,113,27,0,0,0,9,4,0,155,0,118,0,217,24,189,139,0,134,39,0,0,0,5,5,0,133,0,152,0,185,49,355,167,0,318,71,156,0,0,24,7,0,193,0,162,0,223,29,203,140,0,129,26,90,0,0,17,5,0,112,0,164,0,213,35,223,243,0,319,119,150,0,0,23,20,0,283,0,158,0,182,37,232,112,0,67,23,0,0,0,16,13,0,125,0,159,0,190,19,211,151,0,80,30,0,0,0,6,8,0,171,0,157,0,191,37,191,152,0,79,32,0,0,0,17,5,0,148,0,157,0,138,36,244,150,0,73,28,0,0,0,11,2,0,135,0,226,0,237,59,331,205,0,222,98,188,0,0,19,8,0,218,0,239,0,220,23,214,123,0,84,29,94,0,0,20,12,0,79,0,124,0,154,26,240,254,0,327,100,155,0,0,19,26,0,176,0,184,0,179,28,150,115,0,63,22,0,0,0,15,10,0,145,0,122,0,143,25,194,106,0,82,40,0,0,0,17,12,0,152,0,158,0,127,27,206,176,0,100,37,0,0,0,9,9,0,162,0,158,0,178,35,236,125,0,110,36,0,0,0,13,5,0,146,0,218,0,222,54,380,196,0,320,103,0,0,0,35,14,0,218,0,195,0,209,36,282,112,0,69,49,0,0,0,20,1,0,105,0,199,0,201,42,394,246,0,454,181,0,0,0,22,20,0,250,0,167,0,189,21,227,110,0,101,31,0,0,0,11,12,0,143,0,161,0,225,24,206,113,0,81,24,0,0,0,12,9,0,164,0,184,0,179,30,224,143,0,175,38,0,0,0,4,12,0,153,0,136,0,207,36,253,196,0,187,43,0,0,0,14,6,0,169,0,145,0,204,58,360,189,0,413,89,120,0,0,25,2,0,204,0,152,0,324,33,297,120,0,188,28,85,0,0,20,9,0,122,0,164,0,300,55,387,409,0,550,164,98,0,0,45,130,0,207,0,136,0,195,37,231,216,0,147,39,0,0,0,16,8,0,147,0,144,0,239,35,190,178,0,155,26,0,0,0,11,3,0,159,0,119,0,175,35,225,208,0,149,26,0,0,0,10,10,0,165,0,153,0,208,39,229,244,0,215,32,0,0,0,16,7,0,182,0,225,0,227,52,356,203,0,406,100,143,0,0,22,8,0,148,0,180,0,217,35,257,169,0,204,30,92,0,0,19,11,0,114,0,189,0,287,53,451,362,0,587,173,151,0,0,37,161,0,189,0,160,0,210,40,180,168,0,186,31,0,0,0,14,9,0,151,0,160,0,236,39,196,183,0,162,26,0,0,0,15,10,0,168,0,137,0,195,43,225,211,0,214,49,0,0,0,16,13,0,132,0,117,0,176,43,234,205,0,188,24,0,0,0,16,9,0,173,0,205,0,194,54,375,264,0,518,99,142,0,0,70,13,0,157,0,161,0,204,28,341,285,0,290,35,122,0,0,33,10,0,133,0,218,0,270,73,419,366,0,727,225,171,0,0,50,119,0
0,53,0,16,0,49,105,47,0,23,3,0,0,0,0,0,0,0,68,0,16,0,26,42,30,0,23,9,0,0,0,0,0,0,0,98,0,14,0,62,78,49,0,22,15,0,0,0,0,0,0,0,70,0,19,0,32,53,45,0,18,7,0,0,0,0,0,0,0,67,0,18,0,43,77,47,0,45,12,0,0,0,0,0,0,0,57,0,17,0,44,66,44,0,17,4,0,0,0,0,0,0,0,57,0,10,0,46,72,56,0,30,8,0,0,0,0,0,0,0,71,0,22,0,40,88,61,0,21,11,0,0,0,0,0,0,0,68,0,17,0,37,52,36,0,27,6,0,0,0,0,0,0,0,78,0,9,0,29,68,54,0,18,17,0,0,0,0,0,0,0,72,0,10,0,39,41,36,0,37,5,0,0,0,0,0,0,0,101,0,17,0,51,73,60,0,37,16,0,0,0,0,0,0,0,128,0,17,0,54,64,44,0,5,7,0,0,0,0,0,0,0,126,0,24,0,49,90,65,0,34,43,0,0,0,0,0,0,0,82,0,15,0,33,50,30,0,11,5,0,0,0,0,0,0,0,70,0,12,0,25,47,54,0,28,7,0,0,0,0,0,0,0,65,0,7,0,35,44,47,0,16,17,0,0,0,0,0,0,0,73,0,9,0,30,75,36,0,23,6,0,0,0,0,0,0,0,78,0,11,0,49,87,59,0,35,16,0,0,0,0,0,0,0,89,0,19,0,43,77,35,0,26,11,0,0,0,0,0,0,0,96,0,16,0,40,80,70,0,37,71,0,0,0,0,0,0,0,84,0,22,0,31,52,37,0,13,6,0,0,0,0,0,0,0,66,0,11,0,34,58,53,0,19,8,0,0,0,0,0,0,0,59,0,16,0,34,73,49,0,14,8,0,0,0,0,0,0,0,72,0,10,0,52,79,40,0,14,6,0,0,0,0,0,0,0,87,0,8,0,54,83,44,0,32,15,0,0,0,0,0,0,0,77,0,15,0,35,48,44,0,13,7,0,0,0,0,0,0,0,72,0,12,0,34,65,54,0,36,39,0,0,0,0,0,0,0,89,0,17,0,25,43,35,0,15,10,0,0,0,0,0,0,0,53,0,13,0,48,56,28,0,25,8,0,0,0,0,0,0,0,74,0,15,0,32,74,45,0,18,15,0,0,0,0,0,0,0,71,0,10,0,42,51,45,0,16,22,0,0,0,0,0,0,0,80,0,18,0,51,91,57,0,30,10,0,0,0,0,0,0,0,96,0,11,0,43,56,57,0,10,13,0,0,0,0,0,0,0,91,0,13,0,44,79,52,0,44,75,0,0,0,0,0,0,0,67,0,32,0,39,64,42,0,19,10,0,0,0,0,0,0,0,65,0,24,0,41,67,48,0,14,7,0,0,0,0,0,0,0,57,0,14,0,59,77,44,0,24,11,0,0,0,0,0,0,0,72,0,12,0,41,84,37,0,21,7,0,0,0,0,0,0,0,85,0,15,0,49,93,42,0,30,15,0,0,0,0,0,0,0,51,0,12,0,37,44,42,0,12,8,0,0,0,0,0,0,0,126,0,14,0,26,101,29,0,51,76,0,0,0,0,0,0,0,55,0,19,0,40,57,48,0,15,6,0,0,0,0,0,0,0,70,0,8,0,26,60,48,0,17,12,0,0,0,0,0,0,0,47,0,28,0,38,86,34,0,20,13,0,0,0,0,0,0,0,73,0,20,0,28,51,55,0,19,4,0,0,0,0,0,0,0,111,0,7,0,40,80,50,0,38,24,0,0,0,0,0,0,0,48,0,16,0,44,81,37,0,20,8,0,0,0,0,0,0,0,82,0,17,0,38,96,58,0,63,62,0,0,0,0,0,0,0,64,0,19,0,33,59,41,0,12,10,0,0,0,0,0,0,0,61,0,17,0,32,57,53,0,14,3,0,0,0,0,0,0,0,53,0,19,0,53,83,58,0,21,7,0,0,0,0,0,0,0,51,0,14,0,42,66,39,0,30,9,0,0,0,0,0,0,0,62,0,24,0,57,102,69,0,49,24,0,0,0,0,0,0,0,63,0,20,0,54,103,75,0,26,6,0,0,0,0,0,0,0,111,0,22,0,44,101,44,0,77,71,0,0,0,0,0,0
0,561,87,376,73,60,251,392,348,347,46,63,58,19,21,30,0,0,538,48,291,89,53,287,328,313,404,40,185,57,32,21,32,0,0,551,36,371,74,43,237,366,359,509,44,203,48,32,14,23,0,0,460,32,336,84,54,227,415,362,470,66,200,28,44,5,21,0,0,472,48,389,75,62,270,625,466,716,92,345,71,19,20,47,0,0,507,47,342,55,42,310,391,354,327,25,139,49,34,23,34,0,0,411,30,349,155,42,210,496,467,703,85,228,105,71,26,43,0,0,545,43,336,99,43,178,366,365,434,50,140,49,20,11,12,0,0,488,48,265,80,47,208,327,355,426,31,145,37,33,15,55,0,0,629,56,395,76,60,245,430,371,565,28,178,47,18,8,47,0,0,646,52,364,80,62,263,442,547,425,35,175,92,20,9,39,0,0,668,47,413,76,70,359,642,626,636,54,389,165,57,32,49,0,0,900,74,502,97,28,324,503,535,313,13,110,32,30,19,29,0,0,668,45,379,147,44,252,626,772,666,50,292,199,93,26,44,0,0,741,69,374,110,43,255,310,419,262,25,142,52,23,14,39,0,0,632,48,340,94,47,225,346,484,393,31,178,72,21,20,44,0,0,673,41,362,75,61,255,434,519,429,34,171,75,12,7,34,0,0,663,58,349,63,50,223,422,503,399,36,175,71,27,5,59,0,0,662,32,359,82,51,355,662,708,692,64,341,143,69,28,56,0,0,850,74,487,118,46,297,456,446,324,26,158,55,45,9,53,0,0,574,51,375,119,37,242,586,675,660,66,359,221,69,50,62,0,0,517,67,412,75,46,218,369,408,283,16,129,81,23,10,28,0,0,385,43,335,71,36,207,393,508,379,26,207,61,16,17,29,0,0,494,57,442,80,52,233,461,489,472,41,151,72,31,15,38,0,0,473,53,355,95,62,254,434,439,515,32,180,75,17,23,22,0,0,397,47,464,113,71,408,710,673,859,60,341,149,43,24,59,0,0,384,75,397,109,39,208,343,327,354,24,150,67,31,16,55,0,0,290,65,359,113,30,315,619,652,710,70,381,254,64,35,37,0,0,445,58,317,87,43,252,331,347,393,28,139,71,26,24,36,0,0,406,53,283,82,40,224,382,365,456,13,197,65,37,10,43,0,0,414,53,399,129,44,248,371,518,431,37,166,57,28,7,45,0,0,492,51,452,111,57,280,385,486,500,28,198,72,27,23,26,0,0,451,51,464,94,67,432,683,725,807,59,358,141,55,22,93,0,0,488,78,500,107,38,228,362,420,379,26,126,98,40,21,39,0,0,300,41,314,122,47,322,601,787,807,115,347,383,75,43,101,0,0,517,71,370,103,41,249,330,323,380,24,165,56,21,20,44,0,0,475,35,349,107,64,240,358,388,470,35,178,92,23,10,48,0,0,722,67,439,56,41,223,464,471,519,39,188,72,26,12,54,0,0,740,31,394,71,43,238,522,487,565,39,233,84,30,24,47,0,0,724,51,424,87,63,456,659,780,719,62,365,184,54,21,79,22,0,898,65,426,81,28,337,431,412,467,31,165,59,23,15,47,18,0,762,39,400,141,63,290,566,899,959,83,337,377,140,42,67,33,0,887,77,409,200,49,208,436,422,509,32,146,67,31,15,43,0,0,743,47,283,118,50,204,410,458,440,46,206,66,25,13,36,0,0,716,38,389,75,65,239,520,469,484,24,132,73,19,10,34,0,0,705,70,411,74,56,234,571,501,587,25,207,84,17,25,40,0,0,535,57,374,77,52,431,767,815,817,67,207,187,65,25,75,16,0,829,73,376,98,46,257,426,491,517,20,190,43,32,17,45,15,0,694,53,348,198,78,429,619,777,867,89,295,306,103,72,59,55,0,951,126,388,153,74,284,530,446,530,25,190,77,17,21,43,0,0,824,116,367,103,61,224,469,362,447,23,175,36,39,8,29,0,0,876,102,373,85,51,191,528,512,650,33,166,82,26,24,44,0,0,825,47,380,75,53,274,516,453,508,37,199,75,19,25,48,0,0,840,33,420,72,61,443,662,596,717,87,316,160,115,100,94,5,0,824,98,403,107,50,478,611,482,854,36,158,118,42,30,47,22,0,834,64,397,197,49,410,721,772,1030,89,296,323,126,79,116,66
486,303,0,271,312,178,426,303,280,197,147,130,33,62,0,9,1,394,276,0,249,280,104,328,233,330,198,152,144,44,78,0,9,3,382,237,0,279,300,173,425,335,357,221,154,169,53,75,0,9,1,359,333,0,257,325,135,410,275,407,252,184,158,28,98,0,11,7,421,234,0,324,337,195,431,373,550,396,307,259,72,97,0,9,3,320,251,0,297,334,182,421,285,324,193,127,125,39,106,0,10,3,314,215,0,248,326,182,499,360,541,231,190,243,88,168,0,7,3,420,289,0,258,297,148,363,275,395,280,112,137,29,106,0,10,4,337,283,0,192,334,142,348,259,391,226,140,141,54,107,0,17,7,420,303,0,330,325,175,419,303,436,286,175,168,48,81,0,6,10,404,278,0,257,357,279,334,308,534,323,248,172,39,77,0,3,8,377,391,0,294,336,335,519,414,657,407,520,261,95,125,0,24,6,474,498,0,360,384,424,445,361,477,194,148,57,18,65,0,0,1,349,351,0,315,328,362,475,356,617,387,393,344,123,197,0,18,4,482,289,0,316,324,278,264,215,372,254,196,106,34,55,0,8,3,332,304,0,270,297,260,285,294,457,295,242,124,28,76,0,10,2,379,271,0,277,334,286,323,318,475,318,196,126,36,64,0,5,2,365,310,0,304,375,290,374,339,552,327,222,140,41,85,0,10,9,402,284,0,275,326,363,589,383,566,475,525,276,95,154,0,13,4,463,403,0,324,342,351,475,271,422,224,196,130,40,130,0,8,2,275,327,0,268,306,270,449,368,656,494,380,447,185,222,0,17,2,295,200,0,197,237,256,246,172,292,171,154,114,36,86,0,9,15,315,203,0,169,279,268,346,218,340,202,234,168,31,98,0,11,14,333,231,0,261,269,256,411,252,400,229,213,163,32,91,0,11,12,232,212,0,226,266,313,344,275,359,207,188,214,24,38,0,6,10,266,153,0,226,285,292,518,288,408,320,386,286,67,145,0,9,10,302,144,0,139,204,281,278,183,198,148,181,110,49,92,0,14,9,220,208,0,162,356,212,468,271,497,506,374,509,222,233,0,10,7,258,179,0,143,240,253,298,221,248,164,210,139,26,84,0,8,11,259,186,0,182,245,260,335,199,298,179,191,194,43,83,0,11,10,267,208,0,151,251,258,477,303,414,221,198,160,42,46,0,11,7,240,161,0,171,281,290,377,288,389,162,241,144,60,106,0,17,4,251,188,0,220,271,251,610,359,373,283,510,334,90,170,0,20,10,270,158,0,141,248,294,301,211,267,59,190,135,36,83,0,10,10,164,138,0,177,289,206,610,323,653,528,648,557,281,223,0,17,20,288,183,0,220,261,335,369,205,258,150,201,144,43,65,0,11,11,289,197,0,163,246,274,319,259,337,218,239,179,40,69,0,8,11,442,281,0,317,364,341,430,326,599,347,280,207,42,79,0,11,5,421,257,0,347,335,286,423,385,534,434,268,194,56,91,0,17,9,353,357,0,309,318,298,682,436,555,494,527,321,91,196,0,13,5,498,282,0,265,361,378,477,332,513,298,211,157,66,135,0,15,12,353,251,0,289,397,296,756,712,1299,1256,973,633,263,264,0,11,10,581,284,0,319,478,380,570,328,511,306,239,118,56,82,0,2,6,452,337,0,330,316,280,370,318,551,326,195,165,56,73,0,18,8,397,368,0,294,353,310,451,417,621,379,251,130,42,61,0,8,4,408,303,0,314,361,332,485,439,619,427,242,207,39,90,0,17,5,451,456,0,286,371,294,634,483,741,594,612,327,109,172,0,17,2,486,295,0,246,364,352,452,367,573,335,251,216,97,126,0,13,20,369,520,0,301,535,285,747,713,1108,859,885,661,359,216,0,41,12,551,328,0,322,371,368,431,315,548,368,270,184,56,88,0,14,5,428,329,0,319,415,310,428,330,677,425,245,146,38,111,0,7,10,477,336,0,293,348,365,547,395,561,412,308,126,53,106,0,11,4,479,320,0,348,303,297,480,350,571,429,309,170,32,77,0,6,4,439,572,0,334,366,342,586,429,631,512,539,385,90,344,0,13,11,619,328,35,352,414,337,562,489,607,573,494,187,76,105,0,68,17,501,446,0,345,458,282,706,588,1051,879,843,682,286,409,0,113,12
932,262,351,291,287,410,139,401,356,222,619,147,18,62,0,15,0,709,223,341,258,224,310,111,410,291,222,687,169,22,83,0,12,0,741,279,310,277,260,274,138,436,309,313,712,222,30,92,0,17,0,753,274,302,235,244,288,125,576,353,317,960,191,20,76,0,8,0,715,215,332,309,354,385,140,651,527,711,1249,288,24,141,0,15,0,773,228,311,305,290,439,104,517,318,299,700,155,22,93,0,10,0,585,187,307,288,325,388,132,675,496,576,1057,266,48,158,0,20,0,894,270,330,244,296,269,114,413,304,301,693,201,16,67,0,6,0,697,256,300,257,225,249,120,399,233,291,731,246,29,109,0,10,0,892,249,366,338,255,317,159,576,328,340,882,213,37,65,0,15,0,734,245,364,274,289,500,158,587,281,294,903,277,28,101,0,19,0,673,251,378,313,341,675,180,683,451,630,1304,327,33,204,0,19,0,931,340,444,383,292,692,174,598,352,388,698,95,14,127,0,9,0,690,258,438,405,370,564,190,725,475,784,1335,484,76,286,0,14,0,897,297,423,353,262,452,100,362,273,329,749,173,17,108,0,7,0,681,312,406,242,279,364,115,505,298,259,802,257,18,88,0,5,0,774,327,418,310,281,413,137,501,311,265,930,222,20,106,0,21,0,803,261,409,301,243,445,125,569,465,285,755,247,21,93,0,3,0,795,297,453,310,310,618,186,718,459,841,1467,516,31,299,0,18,0,1000,292,432,387,305,628,148,575,346,304,722,309,24,159,0,40,0,630,258,463,315,366,657,184,801,553,1173,1641,784,272,585,0,58,0,899,294,403,278,262,420,110,389,259,223,729,185,14,97,0,1,0,645,307,383,303,289,328,121,466,248,232,881,210,19,105,0,6,0,755,294,427,308,335,424,169,515,310,198,804,243,24,95,0,13,0,720,236,296,255,310,356,133,481,278,257,905,267,26,89,0,3,0,660,245,428,274,290,595,134,697,443,768,1113,467,49,253,0,11,0,749,269,258,319,296,381,112,447,261,290,730,259,25,162,0,33,0,447,180,236,264,272,670,156,807,607,1049,1616,893,422,556,0,11,0,937,344,302,244,302,380,114,387,282,214,733,182,25,84,0,3,0,638,273,264,240,237,333,104,390,250,197,761,198,18,76,0,11,0,715,281,377,249,284,394,133,498,292,238,796,220,23,87,0,5,0,672,281,312,246,322,426,183,628,310,259,939,225,18,98,0,6,0,916,304,427,251,324,640,164,734,586,781,1062,285,38,290,0,13,0,865,246,296,460,317,481,107,486,334,302,751,198,35,180,0,13,0,487,173,308,253,411,772,229,932,894,937,2020,624,328,541,0,19,0,900,341,439,383,388,481,122,470,231,243,721,216,20,99,0,14,0,671,264,322,217,263,372,124,427,306,202,806,239,20,93,0,17,0,689,302,407,336,249,461,161,598,318,270,672,228,26,109,0,42,0,843,248,415,350,285,469,157,612,389,427,906,214,29,111,0,3,0,821,310,441,338,583,631,170,605,797,836,1252,526,18,319,0,18,0,1073,255,455,361,573,622,151,598,390,414,1032,369,45,196,0,12,0,694,255,487,266,674,849,260,954,1092,1152,2229,740,342,663,0,47,0,927,366,454,380,312,695,120,567,365,413,775,227,10,99,0,19,0,895,291,358,329,256,462,131,503,423,293,857,229,32,90,0,9,0,931,310,452,328,285,509,158,550,405,332,913,208,14,141,0,12,0,832,326,402,287,350,494,123,637,400,443,973,270,16,111,0,7,0,1042,278,402,326,587,794,147,745,645,830,1258,527,31,394,0,18,0,982,342,460,518,628,606,177,648,365,479,1022,393,49,144,0,9,0,793,374,495,292,685,913,291,948,1013,1507,2134,886,340,727,0,20,0,1097,358,497,426,321,611,153,629,398,499,824,246,23,99,0,8,0,829,383,435,372,284,483,145,537,393,327,903,188,16,119,0,7,0,956,270,422,393,324,392,151,622,385,486,906,213,17,109,0,7,0,1003,316,483,320,310,595,130,640,420,661,964,256,28,123,0,14,0,1114,369,500,342,692,837,195,605,747,939,1150,787,35,558,0,17,0,1391,454,456,394,732,777,321,627,540,874,1267,461,41,275,0,21,0,878,352,435,338,745,833,278,963,1185,1293,2151,900,341,867,0,23,0
202,109,0,72,0,249,197,0,257,123,0,45,10,9,0,0,0,114,150,0,32,0,175,142,0,181,150,0,41,10,4,0,0,0,111,151,0,38,0,178,185,0,237,130,0,59,18,4,0,0,0,99,124,0,34,0,195,171,0,260,147,0,52,19,14,0,0,0,140,141,0,33,0,227,227,0,299,299,0,95,46,13,0,0,0,111,166,0,44,0,213,292,0,306,146,0,50,15,10,0,0,0,75,147,0,45,0,218,212,0,363,266,0,70,35,16,0,0,0,194,160,0,50,0,223,201,0,281,221,0,150,20,13,0,0,0,216,188,0,51,0,212,188,0,267,157,0,68,29,9,0,0,0,212,162,0,44,0,290,161,0,296,189,0,35,23,5,0,0,0,310,180,0,71,0,162,205,0,294,163,0,56,11,8,0,0,0,294,222,0,52,0,209,215,0,318,411,0,89,55,23,0,0,0,382,270,0,117,0,237,345,0,296,200,0,7,15,3,0,0,0,289,218,0,43,0,240,288,0,326,300,0,99,29,26,0,0,0,447,153,0,79,0,168,159,0,251,188,0,36,17,4,0,0,0,389,157,0,30,0,200,175,0,240,156,0,49,18,4,0,0,0,371,170,0,37,0,179,182,0,233,169,0,36,15,8,0,0,0,323,163,0,18,0,214,180,0,279,209,0,47,10,14,0,0,0,352,151,0,31,0,229,241,0,286,401,0,84,73,54,0,0,0,454,153,0,57,0,268,253,0,300,185,0,57,37,11,0,0,0,342,152,0,70,0,249,261,0,318,300,0,118,34,27,0,0,0,455,145,0,72,0,198,174,0,190,97,0,51,18,5,0,0,0,345,113,0,31,0,153,189,0,209,84,0,50,17,13,0,0,0,351,100,0,25,0,168,144,0,171,113,0,46,12,9,0,0,0,343,158,0,36,0,129,217,0,248,108,0,55,21,6,0,0,0,301,130,0,31,0,227,241,0,277,245,0,54,75,43,0,0,0,235,114,0,69,0,139,322,0,167,118,0,65,22,18,0,0,0,207,116,0,63,0,185,179,0,227,162,0,77,34,18,0,0,0,425,145,0,66,0,159,188,0,185,80,0,44,11,4,0,0,0,359,128,0,35,0,143,167,0,143,100,0,56,13,4,0,0,0,301,103,0,28,0,140,197,0,195,110,0,43,8,5,0,0,0,358,138,0,38,0,146,149,0,246,102,0,44,16,8,0,0,0,297,120,0,26,0,213,243,0,218,215,0,71,76,63,0,0,0,281,141,0,68,0,205,255,0,169,92,0,57,16,10,0,0,0,216,129,0,42,0,214,228,0,171,204,0,92,43,29,0,0,0,480,104,0,116,0,173,205,0,186,109,0,62,17,12,0,0,0,343,122,0,40,0,158,211,0,214,137,0,65,14,7,0,0,0,484,152,0,50,0,219,187,0,322,230,0,88,16,8,0,0,0,411,181,0,43,0,253,208,0,257,228,0,68,21,6,0,0,0,372,115,0,34,0,269,229,0,282,354,0,78,82,74,0,0,0,389,206,0,42,0,303,271,0,298,219,0,62,12,16,0,0,0,321,154,0,63,0,209,231,0,241,318,0,116,56,30,0,0,0,574,117,0,95,0,292,224,0,293,217,0,45,15,1,0,0,0,467,128,0,33,0,245,137,0,223,167,0,55,11,1,0,0,0,393,125,0,29,0,238,171,0,242,174,0,41,13,4,0,0,0,405,141,0,42,0,209,182,0,343,262,0,33,17,4,0,0,0,433,244,0,33,0,247,224,0,276,360,0,92,96,83,0,0,0,425,161,0,88,0,297,232,0,261,186,0,49,27,18,0,0,0,355,203,0,77,0,197,201,0,250,332,0,79,71,27,0,0,0,663,154,0,157,0,296,204,0,273,187,0,43,8,8,0,0,0,499,166,0,174,0,226,201,0,263,222,0,52,28,6,0,0,0,512,159,0,147,0,232,201,0,260,288,0,31,16,9,0,0,0,456,186,0,37,0,274,236,0,346,327,0,57,16,15,0,0,0,424,242,0,51,0,303,255,0,296,340,0,126,144,122,0,0,0,451,184,0,92,0,439,384,0,395,365,0,45,30,18,0,0,0,487,298,0,87,0,189,159,0,293,369,0,96,58,27,0,0,0
320,2138,2127,2390,1726,1021,1391,1698,2108,1504,1214,0,779,0,0,0,0,315,2155,1994,2186,1550,758,1038,1696,2099,1443,1444,0,917,0,0,0,0,270,2189,2129,2383,1554,890,1241,1734,2347,1935,1831,0,1155,0,0,0,0,299,2084,2427,2328,1557,903,1219,1884,2430,2022,1806,0,1373,0,0,0,0,506,2129,1981,2271,1662,1068,1742,2334,3295,2823,2566,0,2346,0,0,0,0,528,2045,1992,2303,1651,897,1290,1645,2259,1573,1404,0,887,0,0,0,0,402,1191,1556,2258,1481,765,1272,2061,2897,2255,1911,0,1544,0,0,0,0,341,2089,1888,2372,1568,787,1174,1760,2146,1622,1659,0,924,0,0,0,0,255,1940,1811,2159,1537,853,1076,1695,1946,1568,1697,0,1034,0,0,0,0,256,2204,2304,2577,1748,1257,1415,1991,2379,1973,1832,0,1160,0,0,0,0,479,1991,1991,2454,1622,1316,1466,2126,2173,2417,1993,0,1331,0,0,0,0,568,1929,2048,2355,1640,1483,1866,2405,2878,3485,3662,0,3567,0,0,0,0,916,2258,2671,2876,1833,1463,1442,2007,1943,2092,1530,0,792,0,0,0,0,497,1225,1868,2346,1583,1153,1494,2228,2665,2966,2671,0,1690,0,0,0,0,624,2043,2273,2550,1549,1072,1138,1940,1769,1817,1755,0,962,0,0,0,0,534,2110,2127,2446,1494,1091,1184,1810,1963,1964,1884,0,1036,0,0,0,0,587,2138,2304,2466,1579,1276,1379,2154,2091,2296,1990,0,1240,0,0,0,0,553,2070,2050,2365,1583,1236,1436,2213,2272,2277,2054,0,1418,0,0,0,0,465,1862,2045,2332,1660,1439,2011,2356,2851,3255,4591,0,3608,0,0,0,0,527,2018,2420,2114,1681,1207,1139,1881,1642,1572,1919,0,638,0,0,0,0,268,908,1379,2060,1278,946,1219,2064,2360,2542,3159,0,1485,0,0,0,0,530,1950,1583,2099,1215,921,980,1904,1474,1605,1677,0,682,0,0,0,0,457,1898,1630,1983,1217,939,892,1922,1595,1819,1950,0,706,0,0,0,0,505,1973,1683,1989,1518,1090,1082,1839,2099,1750,1813,0,802,0,0,0,0,440,1477,1553,1666,1206,880,1031,1878,2065,1872,1936,0,905,0,0,0,0,491,1347,1676,1863,1352,1288,1467,2362,2822,2860,3973,0,3490,0,0,0,0,567,1598,1848,1492,1270,876,850,1626,1716,1388,1618,0,581,0,0,0,0,249,776,962,1543,1333,938,1103,2128,2641,2669,3079,0,1494,0,0,0,0,612,1687,1595,1771,1307,823,867,1666,1706,1506,1649,0,698,0,0,0,0,538,1787,1497,1580,1217,856,929,1807,2005,1754,1942,0,676,0,0,0,0,541,1735,1722,1717,1447,970,1138,2101,2245,2165,2098,0,736,0,0,0,0,530,1819,1591,1650,1436,944,1109,2047,2113,2205,2170,0,940,0,0,0,0,452,1560,1514,1740,1478,1462,1496,2830,3052,2991,3355,0,3447,0,0,0,0,748,1817,2276,1837,1769,1032,1281,1522,2109,1644,1606,0,672,0,0,0,0,218,845,1258,1743,1234,1041,1126,2239,2674,2709,2573,0,1482,0,0,0,0,597,1842,1829,2003,1301,1041,1057,1640,1930,1622,1803,0,750,0,0,0,0,517,1889,1691,1857,1259,853,903,1791,2019,1828,1953,0,796,0,0,0,0,679,2195,2351,2629,1668,1236,1551,2062,2715,2388,2372,0,1215,0,0,0,0,647,2300,2319,2639,1772,1450,1908,2431,3113,2652,2450,0,1589,0,0,0,0,600,2056,2143,2588,2595,1810,2468,3690,3716,3748,5160,0,3619,0,0,0,0,1017,2532,3605,2884,3325,1563,1591,2042,2386,1890,2004,0,876,0,0,0,0,418,1211,1638,2295,2210,1009,1283,2396,3475,2809,3664,0,1854,0,0,0,0,881,2243,2254,2752,1678,1297,1596,2040,2521,2065,1902,0,1059,0,0,0,0,635,2110,2300,2895,1672,1301,1426,2110,2593,2097,1986,0,1027,0,0,0,0,660,2199,2318,2559,1675,1327,1527,2220,2689,2350,2172,0,1242,0,0,0,0,702,2171,2343,2462,1637,1307,1756,2226,2863,2495,2350,0,1474,0,0,0,0,776,2450,2351,2456,2451,1423,2225,3001,3511,3585,4468,0,3594,0,0,0,0,964,2377,3095,2867,2947,1543,1841,2032,2610,1904,2265,0,1074,0,0,0,0,514,1568,1953,2282,2335,956,1508,2521,3142,3080,3315,0,1877,0,0,0,0,854,2153,2259,3020,1745,1469,1918,2165,2805,2282,2074,0,1342,0,0,0,0,704,2149,2194,2735,1725,1271,1695,2246,2844,2503,2449,0,1395,0,0,0,0,739,2269,2430,2598,1768,1358,2077,2513,3510,3255,3095,0,1623,0,0,0,0,791,2208,2290,2593,1772,1485,2262,2482,3481,3373,2990,0,1644,0,0,0,0,860,2262,2397,2535,2728,1620,2699,3884,4183,4230,5770,0,3620,0,0,0,0,1250,3336,3743,2881,3650,3149,2672,2390,3717,2708,2728,0,1095,0,0,0,0,640,1813,1764,2413,2487,1008,1421,2461,3684,2968,3062,0,1962,0,0,0,0
